-- MySQL dump 10.13  Distrib 8.0.23, for Win64 (x86_64)
--
-- Host: localhost    Database: habr2
-- ------------------------------------------------------
-- Server version	8.0.23

/*!40101 SET @OLD_CHARACTER_SET_CLIENT=@@CHARACTER_SET_CLIENT */;
/*!40101 SET @OLD_CHARACTER_SET_RESULTS=@@CHARACTER_SET_RESULTS */;
/*!40101 SET @OLD_COLLATION_CONNECTION=@@COLLATION_CONNECTION */;
/*!50503 SET NAMES utf8mb4 */;
/*!40103 SET @OLD_TIME_ZONE=@@TIME_ZONE */;
/*!40103 SET TIME_ZONE='+00:00' */;
/*!40014 SET @OLD_UNIQUE_CHECKS=@@UNIQUE_CHECKS, UNIQUE_CHECKS=0 */;
/*!40014 SET @OLD_FOREIGN_KEY_CHECKS=@@FOREIGN_KEY_CHECKS, FOREIGN_KEY_CHECKS=0 */;
/*!40101 SET @OLD_SQL_MODE=@@SQL_MODE, SQL_MODE='NO_AUTO_VALUE_ON_ZERO' */;
/*!40111 SET @OLD_SQL_NOTES=@@SQL_NOTES, SQL_NOTES=0 */;

--
-- Table structure for table `carmas`
--

DROP TABLE IF EXISTS `carmas`;
/*!40101 SET @saved_cs_client     = @@character_set_client */;
/*!50503 SET character_set_client = utf8mb4 */;
CREATE TABLE `carmas` (
  `id` bigint unsigned NOT NULL AUTO_INCREMENT,
  `user_id` bigint unsigned DEFAULT NULL,
  `target_id` bigint unsigned DEFAULT NULL,
  `target_type` enum('comment','users','posts','company') CHARACTER SET utf8mb4 COLLATE utf8mb4_unicode_ci NOT NULL,
  `target_carma` int DEFAULT '0' COMMENT 'оценка',
  `created_at` datetime DEFAULT CURRENT_TIMESTAMP,
  `edited_at` datetime DEFAULT CURRENT_TIMESTAMP ON UPDATE CURRENT_TIMESTAMP,
  PRIMARY KEY (`id`),
  KEY `carmas_user_id_fk` (`user_id`),
  CONSTRAINT `carmas_user_id_fk` FOREIGN KEY (`user_id`) REFERENCES `users` (`id`) ON DELETE CASCADE
) ENGINE=InnoDB AUTO_INCREMENT=101 DEFAULT CHARSET=utf8mb4 COLLATE=utf8mb4_unicode_ci;
/*!40101 SET character_set_client = @saved_cs_client */;

--
-- Dumping data for table `carmas`
--

LOCK TABLES `carmas` WRITE;
/*!40000 ALTER TABLE `carmas` DISABLE KEYS */;
INSERT INTO `carmas` VALUES (1,23,0,'company',3,'2015-02-28 20:54:52','2020-06-13 02:29:13'),(2,22,0,'comment',6,'2021-03-22 13:47:41','2011-11-07 16:37:04'),(3,3,0,'comment',3,'2011-08-24 18:51:52','2011-08-04 08:40:52'),(4,16,0,'posts',3,'2012-04-25 15:23:56','2012-02-19 13:34:37'),(5,6,0,'company',5,'2018-05-18 22:02:10','2012-07-31 06:33:14'),(6,31,0,'users',0,'2011-08-16 15:55:14','2015-02-01 11:54:22'),(7,94,0,'company',9,'2013-11-22 01:11:51','2015-07-01 03:12:46'),(8,72,0,'company',5,'2011-10-11 12:19:35','2019-12-01 02:37:44'),(9,70,0,'posts',2,'2021-04-26 03:55:38','2019-07-22 06:24:30'),(10,53,0,'comment',4,'2015-08-22 04:01:02','2021-03-26 22:34:38'),(11,60,0,'company',3,'2020-02-10 10:43:23','2017-11-29 07:37:48'),(12,5,0,'users',2,'2012-08-01 22:51:25','2016-07-09 15:20:43'),(13,38,0,'company',4,'2014-02-09 17:33:44','2019-10-15 05:37:40'),(14,94,0,'comment',3,'2018-12-05 19:53:36','2014-05-22 18:34:52'),(15,61,0,'comment',1,'2017-05-02 17:10:17','2018-11-12 06:25:45'),(16,90,0,'comment',7,'2015-06-26 14:59:26','2021-05-12 12:59:49'),(17,15,0,'comment',8,'2013-02-15 13:09:25','2021-02-21 21:39:24'),(18,90,0,'users',6,'2014-10-02 10:39:09','2020-11-08 00:09:01'),(19,31,0,'company',9,'2017-01-30 20:33:53','2013-04-09 20:56:39'),(20,82,0,'company',8,'2017-10-17 18:19:22','2018-12-27 04:54:50'),(21,81,0,'comment',5,'2020-07-07 07:52:12','2021-01-12 07:55:59'),(22,91,0,'comment',0,'2014-08-07 14:01:53','2016-01-31 15:38:55'),(23,87,0,'users',0,'2021-03-16 00:14:20','2014-09-29 09:21:42'),(24,56,0,'comment',2,'2013-02-09 18:03:53','2014-04-26 19:38:38'),(25,95,0,'posts',0,'2014-07-29 23:06:51','2019-03-20 22:11:44'),(26,99,0,'comment',7,'2012-03-26 13:14:28','2021-04-02 05:39:32'),(27,7,0,'company',2,'2020-04-25 02:35:51','2015-11-24 19:27:26'),(28,90,0,'comment',7,'2013-02-16 01:41:12','2012-08-03 21:58:36'),(29,46,0,'posts',6,'2011-08-15 03:17:03','2020-06-12 06:06:55'),(30,90,0,'company',9,'2016-09-25 01:25:41','2014-08-12 09:57:03'),(31,83,0,'users',3,'2019-08-09 08:49:25','2012-10-27 04:18:18'),(32,68,0,'comment',4,'2018-09-17 10:07:38','2016-07-04 10:37:02'),(33,12,0,'users',7,'2013-10-31 16:55:41','2013-02-07 04:06:59'),(34,85,0,'company',2,'2019-08-02 03:26:31','2011-07-13 10:06:53'),(35,83,0,'posts',5,'2013-08-14 05:47:42','2014-06-15 03:48:47'),(36,17,0,'posts',1,'2014-04-24 11:10:50','2013-03-21 23:40:22'),(37,16,0,'company',5,'2019-04-28 13:26:54','2017-03-27 05:36:09'),(38,77,0,'company',4,'2016-12-21 09:29:03','2016-05-19 15:17:33'),(39,89,0,'comment',3,'2012-06-19 12:35:46','2012-03-10 15:37:54'),(40,85,0,'users',0,'2012-07-05 02:50:17','2015-09-18 12:56:02'),(41,29,0,'posts',4,'2016-08-04 13:50:52','2020-08-08 23:55:10'),(42,49,0,'comment',7,'2016-04-22 12:38:32','2017-09-23 11:41:56'),(43,90,0,'company',7,'2020-05-06 11:06:48','2020-12-27 08:53:10'),(44,67,0,'company',6,'2013-03-12 22:03:04','2012-12-16 10:31:46'),(45,42,0,'comment',0,'2014-01-10 22:16:50','2020-06-05 05:29:31'),(46,51,0,'users',6,'2015-10-21 13:56:42','2015-10-22 14:40:07'),(47,57,0,'posts',2,'2018-12-26 02:39:55','2014-10-19 13:00:44'),(48,57,0,'posts',8,'2016-12-25 18:53:51','2012-09-13 18:05:01'),(49,40,0,'users',0,'2015-06-04 05:07:49','2011-10-29 21:40:31'),(50,87,0,'company',0,'2021-02-08 05:18:43','2012-06-09 07:09:54'),(51,39,0,'users',7,'2019-03-25 12:03:44','2014-07-19 06:08:41'),(52,20,0,'users',9,'2020-06-02 12:39:10','2011-07-17 10:37:03'),(53,77,0,'comment',9,'2011-09-24 03:47:35','2015-11-20 15:54:41'),(54,25,0,'posts',5,'2013-12-31 15:29:52','2017-08-23 03:13:13'),(55,76,0,'posts',9,'2018-04-24 02:03:40','2019-06-09 06:06:42'),(56,71,0,'company',3,'2018-09-13 01:21:49','2018-07-22 22:44:10'),(57,23,0,'posts',8,'2013-12-30 10:35:23','2018-04-12 10:20:05'),(58,82,0,'posts',5,'2011-11-15 00:40:27','2013-07-29 10:14:23'),(59,61,0,'company',0,'2019-05-15 16:53:50','2018-06-21 08:29:49'),(60,69,0,'posts',0,'2017-05-30 18:00:39','2016-06-12 17:42:37'),(61,72,0,'posts',5,'2014-06-01 01:28:51','2018-07-22 03:11:21'),(62,43,0,'comment',8,'2021-01-03 08:35:59','2018-07-13 18:14:15'),(63,36,0,'posts',5,'2014-03-24 07:58:37','2014-07-03 09:41:09'),(64,84,0,'users',8,'2018-06-27 19:40:08','2011-07-24 08:18:07'),(65,28,0,'comment',6,'2014-01-17 06:45:27','2018-04-19 01:17:07'),(66,19,0,'users',0,'2012-06-02 17:58:00','2020-02-09 00:46:07'),(67,100,0,'users',3,'2014-12-02 11:52:24','2015-11-20 16:05:22'),(68,43,0,'posts',5,'2014-11-08 13:21:13','2017-01-17 10:53:58'),(69,95,0,'company',8,'2020-06-20 18:27:28','2013-09-08 12:26:19'),(70,89,0,'posts',1,'2020-11-17 16:06:13','2012-01-27 15:52:16'),(71,28,0,'company',7,'2014-11-13 22:33:57','2011-07-06 18:14:16'),(72,24,0,'users',9,'2015-10-29 22:05:52','2014-03-12 09:24:43'),(73,37,0,'posts',3,'2012-05-19 18:32:42','2020-07-19 06:48:35'),(74,17,0,'posts',4,'2020-12-31 07:10:21','2017-12-18 23:06:39'),(75,90,0,'posts',5,'2014-11-13 17:44:20','2019-12-18 00:18:12'),(76,79,0,'users',4,'2012-03-04 23:01:42','2016-07-08 08:00:56'),(77,67,0,'comment',9,'2017-04-24 11:42:38','2019-11-17 18:39:56'),(78,46,0,'users',9,'2014-01-05 09:27:22','2019-12-01 00:28:53'),(79,35,0,'posts',3,'2012-07-29 08:44:15','2012-02-06 02:26:09'),(80,7,0,'comment',0,'2016-10-16 17:22:59','2017-07-06 11:08:06'),(81,33,0,'users',8,'2020-05-02 01:04:33','2018-02-08 21:51:21'),(82,74,0,'comment',2,'2014-11-30 08:31:58','2015-05-31 13:20:54'),(83,27,0,'posts',6,'2018-08-02 03:21:37','2014-03-23 18:38:20'),(84,9,0,'users',3,'2021-03-28 07:52:08','2021-03-19 21:25:59'),(85,99,0,'comment',7,'2021-02-25 00:14:00','2019-07-03 16:58:35'),(86,3,0,'company',0,'2020-02-18 12:17:04','2017-11-05 13:10:42'),(87,80,0,'company',0,'2011-06-30 10:36:17','2020-05-19 05:54:21'),(88,22,0,'company',0,'2014-12-09 23:03:22','2016-11-24 08:31:24'),(89,84,0,'posts',3,'2018-12-19 10:53:29','2016-01-10 17:11:24'),(90,41,0,'users',4,'2012-06-15 17:58:55','2017-02-16 06:47:56'),(91,90,0,'comment',3,'2015-08-01 07:59:52','2019-05-01 12:04:53'),(92,56,0,'company',2,'2012-08-26 07:12:51','2012-12-27 18:11:42'),(93,84,0,'comment',4,'2020-06-15 03:04:33','2017-03-15 08:51:21'),(94,25,0,'posts',1,'2018-06-30 14:34:46','2012-07-20 23:14:34'),(95,39,0,'comment',1,'2017-03-30 20:13:09','2020-09-23 17:56:10'),(96,11,0,'users',8,'2012-04-30 19:33:18','2016-07-25 10:42:29'),(97,43,0,'users',5,'2020-02-11 01:41:32','2019-01-25 08:29:04'),(98,39,0,'users',6,'2014-10-22 19:36:54','2020-05-29 03:27:04'),(99,53,0,'posts',8,'2017-01-13 12:08:25','2011-09-29 04:25:53'),(100,38,0,'users',6,'2017-09-21 13:21:37','2020-07-10 23:38:21');
/*!40000 ALTER TABLE `carmas` ENABLE KEYS */;
UNLOCK TABLES;

--
-- Table structure for table `comments`
--

DROP TABLE IF EXISTS `comments`;
/*!40101 SET @saved_cs_client     = @@character_set_client */;
/*!50503 SET character_set_client = utf8mb4 */;
CREATE TABLE `comments` (
  `id` bigint unsigned NOT NULL AUTO_INCREMENT,
  `user_id` bigint unsigned DEFAULT NULL,
  `media_id` bigint unsigned DEFAULT NULL,
  `created_at` datetime DEFAULT CURRENT_TIMESTAMP,
  `edited_at` datetime DEFAULT CURRENT_TIMESTAMP ON UPDATE CURRENT_TIMESTAMP,
  PRIMARY KEY (`id`),
  KEY `comments_user_id_fk` (`user_id`),
  KEY `comments_media_id_fk` (`media_id`),
  CONSTRAINT `comments_media_id_fk` FOREIGN KEY (`media_id`) REFERENCES `media` (`id`) ON DELETE CASCADE,
  CONSTRAINT `comments_user_id_fk` FOREIGN KEY (`user_id`) REFERENCES `users` (`id`) ON DELETE CASCADE
) ENGINE=InnoDB AUTO_INCREMENT=101 DEFAULT CHARSET=utf8mb4 COLLATE=utf8mb4_unicode_ci;
/*!40101 SET character_set_client = @saved_cs_client */;

--
-- Dumping data for table `comments`
--

LOCK TABLES `comments` WRITE;
/*!40000 ALTER TABLE `comments` DISABLE KEYS */;
INSERT INTO `comments` VALUES (1,90,28,'2018-05-10 23:49:16','2013-06-10 21:29:53'),(2,93,84,'2011-06-20 20:00:21','2012-01-30 20:24:34'),(3,7,96,'2012-03-12 03:07:37','2015-11-30 12:35:14'),(4,91,92,'2011-09-25 03:53:13','2013-03-26 14:48:22'),(5,99,3,'2012-06-20 08:56:54','2015-11-08 03:47:54'),(6,40,74,'2012-05-14 18:33:23','2012-11-17 16:52:28'),(7,90,78,'2012-07-07 11:06:59','2014-01-03 23:08:51'),(8,67,5,'2011-06-28 15:16:18','2017-01-06 22:19:50'),(9,38,14,'2015-11-23 03:25:16','2016-06-11 10:09:34'),(10,45,45,'2018-07-01 06:10:49','2016-01-08 03:49:26'),(11,17,49,'2020-12-24 03:23:21','2015-05-31 09:21:02'),(12,92,2,'2013-10-06 15:39:41','2021-01-07 01:24:08'),(13,54,33,'2017-01-22 19:27:15','2016-01-13 07:39:34'),(14,32,28,'2013-03-24 08:44:41','2020-06-06 08:04:34'),(15,77,54,'2014-10-02 21:30:45','2013-06-13 20:47:37'),(16,36,66,'2015-07-18 21:18:43','2017-04-02 14:35:13'),(17,82,28,'2012-05-16 18:52:26','2018-02-08 07:34:07'),(18,50,88,'2019-04-20 14:30:37','2018-09-02 12:58:21'),(19,24,41,'2017-04-25 02:45:11','2020-01-16 07:41:50'),(20,80,23,'2019-03-11 14:39:51','2018-04-30 21:01:40'),(21,43,19,'2011-06-29 17:05:10','2020-02-14 05:23:59'),(22,96,33,'2016-01-09 07:11:38','2013-12-31 20:45:42'),(23,97,63,'2011-09-15 19:27:15','2014-08-28 08:54:37'),(24,37,34,'2014-08-03 05:27:35','2019-11-29 17:16:47'),(25,77,81,'2015-02-16 04:14:55','2020-12-04 21:17:43'),(26,78,93,'2014-06-23 14:53:40','2013-03-13 22:44:23'),(27,30,70,'2017-04-08 08:21:29','2018-02-12 09:08:21'),(28,95,83,'2017-08-29 08:34:44','2012-09-16 17:20:45'),(29,3,26,'2019-12-13 23:28:39','2018-12-19 10:32:31'),(30,11,79,'2016-02-08 14:27:24','2012-06-21 21:39:50'),(31,80,46,'2013-02-23 01:53:38','2019-05-27 16:28:53'),(32,45,61,'2012-11-30 00:41:20','2019-09-07 00:01:20'),(33,74,95,'2017-09-25 19:47:47','2013-10-24 14:44:19'),(34,49,97,'2015-10-24 06:07:19','2014-07-25 20:21:52'),(35,35,28,'2014-02-11 09:45:39','2021-05-27 06:18:34'),(36,20,78,'2020-09-17 05:54:41','2014-08-29 02:10:16'),(37,47,16,'2013-07-22 05:50:17','2011-07-19 22:35:55'),(38,10,43,'2019-02-11 05:08:39','2013-07-21 07:49:59'),(39,78,47,'2021-04-04 04:42:44','2012-11-07 23:31:39'),(40,76,54,'2014-05-12 15:52:43','2017-12-09 15:40:52'),(41,27,54,'2014-01-07 16:07:22','2020-02-18 12:11:32'),(42,47,57,'2020-11-30 03:46:03','2011-10-08 02:19:51'),(43,24,41,'2016-10-30 14:08:02','2021-02-12 02:48:22'),(44,40,26,'2019-04-05 20:29:00','2018-11-15 14:46:44'),(45,67,50,'2014-06-30 23:25:16','2012-07-12 18:08:15'),(46,4,46,'2020-11-15 23:16:35','2015-12-12 05:31:48'),(47,96,48,'2020-10-09 05:14:35','2015-06-04 06:38:39'),(48,7,69,'2017-08-07 07:40:34','2019-04-12 04:27:50'),(49,43,56,'2019-10-23 02:33:55','2012-11-08 16:47:45'),(50,66,77,'2016-02-18 06:20:51','2019-09-10 22:51:31'),(51,84,86,'2012-12-27 19:10:17','2014-03-23 04:40:48'),(52,54,30,'2012-12-30 15:23:23','2015-06-17 00:05:36'),(53,1,63,'2013-09-14 14:35:07','2020-09-15 10:32:35'),(54,73,79,'2017-02-04 02:01:27','2012-08-30 11:31:56'),(55,9,49,'2020-07-25 14:00:06','2016-04-07 14:57:35'),(56,32,36,'2014-10-06 14:24:44','2017-05-11 06:56:18'),(57,3,79,'2017-05-30 12:53:36','2015-02-21 20:15:43'),(58,92,26,'2013-01-28 09:30:31','2020-01-27 18:22:09'),(59,19,32,'2011-12-11 04:27:51','2013-03-23 22:57:14'),(60,51,85,'2011-06-23 16:15:31','2015-10-08 20:42:19'),(61,81,54,'2017-02-27 22:55:31','2021-03-06 22:55:20'),(62,31,77,'2013-03-08 20:01:39','2021-01-09 01:59:08'),(63,2,38,'2012-10-11 11:33:45','2017-12-18 00:43:08'),(64,46,44,'2016-09-10 01:32:08','2015-06-23 04:06:24'),(65,94,11,'2012-05-13 09:43:04','2021-03-03 03:53:26'),(66,21,77,'2011-07-01 01:23:53','2012-03-28 03:00:58'),(67,97,74,'2015-03-17 18:44:38','2020-08-03 13:33:22'),(68,7,97,'2018-09-26 19:31:30','2013-12-31 10:46:27'),(69,37,79,'2014-11-06 09:17:08','2020-06-03 08:58:12'),(70,75,45,'2020-06-16 06:56:24','2017-10-08 07:33:23'),(71,28,7,'2012-04-05 09:05:44','2020-11-21 01:29:39'),(72,81,30,'2018-06-21 11:02:49','2021-03-18 14:30:56'),(73,86,73,'2016-07-04 20:00:18','2018-06-16 22:13:07'),(74,55,4,'2016-02-20 21:34:04','2019-10-07 17:43:16'),(75,4,5,'2012-03-29 12:23:14','2012-07-21 03:57:16'),(76,89,85,'2020-07-10 00:08:13','2020-01-04 02:16:44'),(77,59,20,'2019-12-03 19:33:59','2018-04-01 06:54:32'),(78,61,61,'2019-11-03 02:49:04','2021-04-21 16:33:41'),(79,57,6,'2017-02-16 03:15:40','2011-07-12 10:44:01'),(80,4,50,'2011-11-16 03:11:48','2012-08-30 03:20:12'),(81,17,24,'2018-05-11 12:09:38','2016-08-15 04:02:42'),(82,27,13,'2013-11-26 20:24:24','2015-04-13 23:25:35'),(83,98,33,'2014-07-11 10:52:22','2020-01-10 13:16:25'),(84,10,34,'2012-12-07 16:12:02','2014-11-05 17:16:24'),(85,12,85,'2020-04-11 06:27:28','2011-11-05 10:16:39'),(86,79,39,'2020-04-18 19:35:15','2012-11-09 23:17:11'),(87,92,59,'2020-08-13 15:45:07','2014-07-14 08:51:01'),(88,68,77,'2019-04-17 08:10:58','2011-12-13 21:28:43'),(89,32,22,'2018-01-04 18:41:31','2016-03-05 07:52:21'),(90,81,35,'2016-03-03 14:24:45','2018-07-10 03:27:30'),(91,27,69,'2018-05-20 03:48:21','2018-11-13 11:24:23'),(92,19,85,'2011-10-11 18:43:26','2015-03-03 03:51:13'),(93,88,80,'2018-06-02 16:20:34','2014-08-06 09:10:05'),(94,45,45,'2015-01-24 09:52:16','2018-04-22 03:24:13'),(95,85,49,'2016-01-29 09:49:19','2016-09-28 08:40:42'),(96,94,2,'2012-10-18 05:44:44','2017-03-28 05:15:36'),(97,73,20,'2012-09-10 11:18:44','2019-07-21 19:55:32'),(98,14,71,'2013-09-24 10:33:17','2016-07-29 17:32:23'),(99,53,24,'2012-10-21 12:41:11','2020-12-16 23:23:31'),(100,4,64,'2015-09-01 21:40:33','2019-03-12 07:23:56');
/*!40000 ALTER TABLE `comments` ENABLE KEYS */;
UNLOCK TABLES;

--
-- Table structure for table `company`
--

DROP TABLE IF EXISTS `company`;
/*!40101 SET @saved_cs_client     = @@character_set_client */;
/*!50503 SET character_set_client = utf8mb4 */;
CREATE TABLE `company` (
  `id` bigint unsigned NOT NULL AUTO_INCREMENT,
  `name` varchar(50) CHARACTER SET utf8mb4 COLLATE utf8mb4_unicode_ci NOT NULL COMMENT 'name',
  `created_at` datetime DEFAULT CURRENT_TIMESTAMP,
  `edited_at` datetime DEFAULT CURRENT_TIMESTAMP ON UPDATE CURRENT_TIMESTAMP,
  PRIMARY KEY (`id`)
) ENGINE=InnoDB AUTO_INCREMENT=101 DEFAULT CHARSET=utf8mb4 COLLATE=utf8mb4_unicode_ci;
/*!40101 SET character_set_client = @saved_cs_client */;

--
-- Dumping data for table `company`
--

LOCK TABLES `company` WRITE;
/*!40000 ALTER TABLE `company` DISABLE KEYS */;
INSERT INTO `company` VALUES (1,'qui','2012-09-11 05:15:09','2013-03-06 17:23:44'),(2,'ut','2014-01-08 13:40:56','2019-06-01 16:19:06'),(3,'sed','2021-03-02 12:36:02','2018-08-21 03:22:41'),(4,'ullam','2013-07-14 16:12:15','2018-06-26 00:25:21'),(5,'tempora','2020-07-26 14:16:31','2017-05-18 20:36:55'),(6,'corrupti','2015-09-28 17:56:17','2020-01-11 21:34:08'),(7,'atque','2019-10-20 16:50:18','2015-07-25 07:49:21'),(8,'sunt','2021-04-04 14:24:48','2014-02-16 09:48:49'),(9,'non','2020-09-10 16:53:51','2018-08-28 17:25:25'),(10,'velit','2012-11-29 17:24:08','2015-09-01 07:06:48'),(11,'et','2019-06-03 07:31:39','2021-02-15 22:10:45'),(12,'voluptas','2018-11-17 18:58:10','2014-09-29 20:30:22'),(13,'voluptates','2011-07-30 20:46:41','2012-08-04 14:45:13'),(14,'optio','2017-07-23 13:34:45','2019-11-15 04:57:11'),(15,'ut','2017-11-06 03:47:29','2018-09-11 14:18:24'),(16,'accusamus','2012-06-17 05:39:30','2020-04-17 03:07:06'),(17,'dolorem','2015-01-14 19:39:39','2016-05-08 05:56:12'),(18,'minima','2018-03-18 15:55:30','2013-03-24 00:39:50'),(19,'quidem','2015-09-22 04:09:54','2017-06-03 00:43:56'),(20,'neque','2018-07-08 19:52:34','2018-07-18 16:24:24'),(21,'illum','2017-05-14 19:51:49','2017-07-26 14:31:05'),(22,'quaerat','2017-01-21 21:59:02','2017-10-26 03:27:41'),(23,'labore','2019-03-02 17:10:36','2016-05-08 15:37:24'),(24,'aspernatur','2019-11-07 23:19:09','2015-03-25 03:14:53'),(25,'natus','2012-11-19 19:22:27','2013-03-22 05:14:00'),(26,'est','2012-10-24 23:11:01','2012-05-07 05:04:34'),(27,'tempore','2011-11-07 22:59:20','2016-06-17 06:59:20'),(28,'ipsum','2019-02-24 02:02:21','2014-02-24 17:13:44'),(29,'molestiae','2017-03-30 05:08:37','2015-06-03 01:18:57'),(30,'enim','2012-03-18 07:21:35','2020-08-01 14:18:19'),(31,'libero','2012-11-26 17:18:37','2020-07-28 23:40:03'),(32,'facere','2013-07-08 19:13:27','2015-09-28 14:16:23'),(33,'incidunt','2014-05-29 02:56:53','2012-11-29 16:01:08'),(34,'enim','2019-02-25 02:18:26','2020-04-15 12:05:35'),(35,'architecto','2012-02-20 21:06:36','2020-12-25 20:37:59'),(36,'ut','2020-12-05 06:19:54','2012-08-20 05:08:53'),(37,'rerum','2018-07-24 19:58:59','2018-05-28 18:34:43'),(38,'iusto','2018-06-01 11:21:46','2014-10-03 11:39:42'),(39,'iste','2016-04-07 15:11:39','2017-04-17 16:48:37'),(40,'a','2014-01-09 12:27:35','2020-10-02 09:30:00'),(41,'aliquid','2018-10-18 01:49:49','2011-08-09 18:58:37'),(42,'debitis','2015-05-16 21:33:19','2012-07-26 17:06:20'),(43,'doloremque','2014-04-18 09:22:33','2017-06-26 23:49:40'),(44,'soluta','2016-09-22 12:40:06','2020-04-20 15:58:33'),(45,'vitae','2020-08-21 16:06:16','2013-02-05 21:20:53'),(46,'asperiores','2020-04-22 19:30:58','2017-06-13 20:17:06'),(47,'a','2014-05-24 13:55:06','2019-10-06 14:23:04'),(48,'ut','2018-10-30 03:05:09','2014-11-02 09:23:29'),(49,'et','2012-07-06 17:03:05','2021-03-16 10:07:37'),(50,'sunt','2015-04-25 20:31:26','2020-02-08 23:27:27'),(51,'nesciunt','2015-11-13 05:55:58','2016-06-22 02:16:37'),(52,'laboriosam','2015-09-20 05:14:16','2016-05-27 23:33:05'),(53,'velit','2019-09-17 00:29:00','2013-03-05 03:00:00'),(54,'perspiciatis','2011-06-29 07:55:32','2018-08-13 22:40:30'),(55,'et','2020-03-16 23:12:07','2019-01-26 12:17:38'),(56,'mollitia','2016-11-13 15:33:24','2018-07-31 02:34:22'),(57,'possimus','2017-07-25 10:13:55','2012-05-17 10:36:09'),(58,'cumque','2016-07-29 09:45:33','2013-02-27 04:10:40'),(59,'non','2015-05-16 15:20:21','2018-09-27 20:13:18'),(60,'et','2017-10-02 10:56:47','2019-05-31 16:27:30'),(61,'fuga','2013-08-01 17:49:14','2015-11-10 12:18:26'),(62,'et','2015-11-18 05:37:34','2015-05-03 09:14:30'),(63,'esse','2014-05-05 13:17:25','2012-08-06 02:08:31'),(64,'exercitationem','2020-02-17 06:48:37','2020-11-28 02:42:42'),(65,'praesentium','2014-08-24 04:55:18','2018-05-21 09:59:18'),(66,'optio','2013-02-20 15:08:02','2014-07-12 04:43:34'),(67,'recusandae','2016-06-01 17:49:03','2016-05-16 03:49:38'),(68,'similique','2016-04-10 04:30:55','2012-06-15 03:34:17'),(69,'repellendus','2016-11-19 13:31:44','2014-10-12 13:35:49'),(70,'molestias','2018-02-08 13:51:37','2020-12-08 04:18:04'),(71,'culpa','2013-01-04 19:52:25','2016-06-04 11:09:53'),(72,'deleniti','2012-12-22 07:42:39','2014-03-08 14:41:15'),(73,'quisquam','2019-04-04 02:10:38','2013-09-25 04:44:49'),(74,'quia','2018-07-18 20:40:01','2018-02-21 18:21:02'),(75,'adipisci','2015-04-27 01:19:56','2013-06-01 14:02:49'),(76,'deserunt','2020-07-27 18:36:52','2012-04-03 08:38:49'),(77,'accusamus','2013-04-24 03:11:28','2020-10-25 20:05:40'),(78,'tenetur','2018-07-21 06:42:44','2013-12-26 06:46:48'),(79,'occaecati','2013-12-23 02:04:06','2012-04-19 22:53:46'),(80,'quo','2013-03-20 16:27:28','2020-08-30 06:51:38'),(81,'dolore','2015-06-02 17:35:05','2016-01-30 02:39:32'),(82,'eaque','2012-02-19 09:29:54','2011-12-24 08:45:26'),(83,'et','2019-01-12 17:18:04','2021-05-26 17:58:00'),(84,'rerum','2019-11-22 17:08:47','2012-10-28 11:23:02'),(85,'nulla','2017-08-25 12:58:46','2015-11-30 23:37:42'),(86,'dignissimos','2018-06-25 23:05:17','2011-12-02 09:03:01'),(87,'cumque','2021-01-17 22:24:32','2019-05-15 18:04:05'),(88,'nisi','2019-10-06 03:59:02','2015-04-08 06:32:58'),(89,'odit','2017-10-28 16:01:23','2012-02-09 06:05:32'),(90,'qui','2011-07-13 09:38:13','2018-01-30 08:12:00'),(91,'laudantium','2014-09-15 08:25:30','2016-10-28 15:36:03'),(92,'nisi','2019-05-16 17:59:33','2020-11-18 05:16:43'),(93,'neque','2017-12-25 01:51:32','2011-06-21 13:43:25'),(94,'velit','2013-06-22 17:38:00','2019-09-26 00:16:19'),(95,'omnis','2014-10-23 00:32:51','2020-11-24 11:45:21'),(96,'sed','2016-10-13 03:37:15','2019-01-30 10:40:44'),(97,'id','2014-03-26 16:04:10','2016-07-18 23:24:17'),(98,'reiciendis','2011-12-21 05:36:34','2015-06-18 06:48:17'),(99,'quia','2019-02-19 13:59:07','2015-02-10 08:52:45'),(100,'vitae','2016-03-18 08:13:44','2016-05-31 03:01:12');
/*!40000 ALTER TABLE `company` ENABLE KEYS */;
UNLOCK TABLES;

--
-- Table structure for table `media`
--

DROP TABLE IF EXISTS `media`;
/*!40101 SET @saved_cs_client     = @@character_set_client */;
/*!50503 SET character_set_client = utf8mb4 */;
CREATE TABLE `media` (
  `id` bigint unsigned NOT NULL AUTO_INCREMENT,
  `filename` varchar(255) CHARACTER SET utf8mb4 COLLATE utf8mb4_unicode_ci NOT NULL COMMENT 'ссылка на хранилеще',
  `size` int NOT NULL COMMENT 'размер',
  `metadata` longtext CHARACTER SET utf8mb4 COLLATE utf8mb4_bin COMMENT 'данные ',
  `media_type_id` int unsigned NOT NULL COMMENT 'тип данных',
  `created_at` datetime DEFAULT CURRENT_TIMESTAMP,
  `edited_at` datetime DEFAULT CURRENT_TIMESTAMP ON UPDATE CURRENT_TIMESTAMP,
  PRIMARY KEY (`id`),
  KEY `media_type_id_fk` (`media_type_id`),
  CONSTRAINT `media_type_id_fk` FOREIGN KEY (`media_type_id`) REFERENCES `media_types` (`id`) ON DELETE CASCADE,
  CONSTRAINT `media_chk_1` CHECK (json_valid(`metadata`))
) ENGINE=InnoDB AUTO_INCREMENT=101 DEFAULT CHARSET=utf8mb4 COLLATE=utf8mb4_unicode_ci;
/*!40101 SET character_set_client = @saved_cs_client */;

--
-- Dumping data for table `media`
--

LOCK TABLES `media` WRITE;
/*!40000 ALTER TABLE `media` DISABLE KEYS */;
INSERT INTO `media` VALUES (1,'ratione',6522,NULL,27,'2019-05-30 06:47:37','2018-05-29 10:26:37'),(2,'amet',22070476,NULL,24,'2014-04-21 22:19:14','2012-12-18 18:30:51'),(3,'illo',1056888,NULL,17,'2019-11-07 15:34:09','2017-11-17 11:51:24'),(4,'qui',215,NULL,47,'2011-11-28 02:26:21','2013-04-30 09:00:40'),(5,'neque',3092227,NULL,37,'2013-07-17 18:42:27','2017-03-25 09:29:17'),(6,'aut',75969894,NULL,41,'2020-12-22 13:11:23','2015-02-04 22:24:56'),(7,'odio',9566851,NULL,28,'2014-10-07 23:21:50','2013-09-12 12:17:42'),(8,'repellendus',937054658,NULL,6,'2012-12-13 17:54:19','2019-07-29 13:32:17'),(9,'sed',0,NULL,11,'2013-10-04 02:02:55','2015-07-06 12:10:10'),(10,'ut',0,NULL,5,'2015-11-25 11:31:22','2019-05-16 07:02:58'),(11,'laudantium',5241,NULL,18,'2016-02-07 10:34:08','2019-10-03 00:49:12'),(12,'doloribus',5643,NULL,49,'2012-06-28 05:47:39','2013-06-27 08:36:45'),(13,'ut',69015518,NULL,18,'2016-05-23 12:48:45','2016-08-21 05:48:33'),(14,'voluptatem',90,NULL,40,'2013-08-16 12:08:12','2021-05-05 08:02:39'),(15,'ullam',327,NULL,23,'2015-10-26 14:57:04','2018-06-16 06:49:25'),(16,'soluta',658719,NULL,44,'2021-02-25 16:16:53','2014-03-02 11:01:06'),(17,'ut',8,NULL,21,'2014-06-14 06:45:18','2012-05-14 14:36:44'),(18,'expedita',0,NULL,2,'2014-11-23 02:54:22','2018-04-27 00:07:20'),(19,'voluptatibus',2490470,NULL,50,'2019-05-07 18:00:26','2013-02-14 22:32:45'),(20,'harum',13622082,NULL,35,'2017-09-06 11:45:19','2014-12-28 03:53:41'),(21,'sint',30397945,NULL,27,'2017-04-24 12:49:46','2013-03-29 12:20:29'),(22,'dolore',6618,NULL,34,'2018-01-02 22:55:43','2020-06-20 10:44:25'),(23,'rem',1,NULL,16,'2012-07-26 16:35:53','2012-09-19 12:42:13'),(24,'ducimus',804,NULL,33,'2019-07-21 04:40:38','2020-12-31 04:20:10'),(25,'ipsam',305614,NULL,26,'2017-09-28 19:22:41','2018-03-29 11:44:04'),(26,'quibusdam',70507551,NULL,31,'2018-10-21 09:31:05','2014-12-12 11:40:03'),(27,'iusto',904226996,NULL,17,'2018-04-16 06:32:53','2017-09-20 16:06:11'),(28,'aut',9,NULL,37,'2016-09-07 11:20:59','2019-03-08 00:33:54'),(29,'et',3350,NULL,12,'2014-12-31 18:27:32','2015-06-18 02:22:50'),(30,'incidunt',4716361,NULL,5,'2020-03-20 17:03:46','2011-07-25 15:41:57'),(31,'dignissimos',93,NULL,45,'2015-08-28 14:07:34','2013-11-02 06:29:12'),(32,'qui',2467,NULL,39,'2014-02-24 06:46:07','2016-04-06 22:51:56'),(33,'possimus',700535025,NULL,28,'2021-01-15 22:51:10','2011-12-28 16:30:44'),(34,'a',53323,NULL,11,'2012-02-19 12:56:59','2021-01-06 17:08:10'),(35,'quo',859,NULL,35,'2018-05-27 16:50:06','2021-03-20 08:10:26'),(36,'eius',4,NULL,14,'2013-02-06 17:14:48','2013-12-18 20:26:28'),(37,'laudantium',390,NULL,2,'2017-08-22 10:23:15','2019-12-25 18:54:41'),(38,'iste',52203282,NULL,13,'2019-07-20 10:00:57','2019-06-29 08:33:25'),(39,'accusamus',80827737,NULL,20,'2020-04-23 18:29:29','2021-02-08 02:48:52'),(40,'sit',944,NULL,13,'2013-03-09 14:27:07','2020-07-03 13:05:07'),(41,'tempora',4,NULL,17,'2016-07-04 07:34:37','2012-10-06 16:29:41'),(42,'est',1525,NULL,37,'2017-06-28 15:49:46','2014-09-01 03:46:32'),(43,'aliquid',4514,NULL,11,'2015-05-01 00:38:19','2017-12-12 17:19:25'),(44,'sed',7552,NULL,34,'2012-04-25 13:52:30','2017-08-03 23:24:35'),(45,'corporis',181389554,NULL,26,'2017-12-21 18:03:53','2016-09-06 10:36:45'),(46,'soluta',983,NULL,34,'2015-09-18 13:42:15','2011-07-31 07:51:22'),(47,'aut',436258499,NULL,28,'2014-03-08 03:49:33','2018-10-06 14:42:55'),(48,'ex',981,NULL,46,'2018-04-27 14:40:57','2015-10-18 06:22:32'),(49,'quos',19,NULL,36,'2013-10-23 16:01:53','2017-04-22 19:50:53'),(50,'assumenda',91977261,NULL,27,'2017-12-15 17:05:18','2021-01-17 18:13:10'),(51,'consequatur',65038207,NULL,30,'2012-04-24 03:56:08','2019-01-15 19:46:06'),(52,'debitis',775886122,NULL,13,'2019-12-24 04:25:29','2020-10-19 21:08:25'),(53,'provident',6065129,NULL,11,'2011-11-20 05:18:37','2014-03-25 15:42:04'),(54,'hic',320892,NULL,46,'2016-04-25 16:58:03','2011-07-10 22:20:10'),(55,'laboriosam',45,NULL,46,'2012-06-05 03:17:22','2019-06-15 15:05:38'),(56,'minus',4,NULL,36,'2014-12-06 10:10:46','2011-10-04 05:49:08'),(57,'quod',4479,NULL,27,'2020-06-24 04:35:01','2017-08-28 20:24:13'),(58,'mollitia',0,NULL,12,'2014-04-20 13:24:16','2019-06-03 01:28:39'),(59,'temporibus',488736513,NULL,23,'2014-11-02 07:25:54','2012-06-02 11:33:36'),(60,'veniam',932651,NULL,38,'2012-02-18 03:58:24','2020-04-23 09:30:31'),(61,'assumenda',558197,NULL,17,'2021-05-06 02:32:38','2018-11-07 17:43:29'),(62,'quibusdam',521997,NULL,17,'2015-04-08 20:54:43','2014-08-30 03:22:36'),(63,'magnam',602923,NULL,26,'2021-04-12 20:51:38','2018-08-27 23:29:55'),(64,'quidem',176786582,NULL,44,'2018-10-31 18:00:31','2015-07-02 14:21:03'),(65,'esse',1746,NULL,28,'2016-04-20 18:09:24','2017-10-15 20:12:36'),(66,'dolor',6722,NULL,11,'2016-07-26 13:56:16','2021-04-15 04:48:20'),(67,'quo',0,NULL,7,'2018-01-25 08:06:35','2011-12-15 05:46:03'),(68,'aperiam',14,NULL,30,'2016-12-09 22:03:58','2016-01-29 16:40:14'),(69,'voluptas',2,NULL,23,'2014-04-19 15:38:00','2015-01-04 19:45:36'),(70,'illo',9828371,NULL,26,'2017-04-21 16:32:19','2020-08-28 07:31:37'),(71,'tempora',56490907,NULL,42,'2016-03-13 18:50:31','2014-08-27 21:50:02'),(72,'quasi',2,NULL,39,'2018-04-20 04:02:32','2018-08-14 16:02:03'),(73,'iure',4901193,NULL,13,'2020-07-02 10:08:27','2020-09-27 19:08:02'),(74,'cum',2846664,NULL,3,'2019-01-06 20:54:42','2011-10-14 14:35:22'),(75,'consequatur',2,NULL,22,'2013-06-04 06:52:27','2019-11-03 08:00:54'),(76,'sit',74512,NULL,38,'2017-05-12 14:33:19','2012-11-19 04:28:46'),(77,'molestiae',67874,NULL,36,'2013-04-08 10:09:38','2013-09-30 05:45:27'),(78,'consequuntur',32330,NULL,50,'2020-10-04 08:45:39','2017-12-10 06:50:27'),(79,'sunt',36558,NULL,34,'2015-11-04 20:34:12','2012-06-29 12:43:59'),(80,'sed',16103571,NULL,22,'2016-06-26 02:38:26','2014-12-21 09:57:47'),(81,'repellendus',49828977,NULL,26,'2018-08-22 07:38:01','2016-08-21 04:12:29'),(82,'fugiat',0,NULL,13,'2013-06-08 19:56:39','2011-12-17 05:29:58'),(83,'beatae',1599632,NULL,34,'2019-04-16 20:25:17','2020-10-25 18:08:38'),(84,'perferendis',29550,NULL,36,'2016-11-17 18:12:34','2014-12-19 16:47:41'),(85,'et',4,NULL,9,'2013-07-06 21:01:51','2020-11-29 21:26:11'),(86,'illo',3,NULL,29,'2013-10-18 11:12:11','2015-12-05 12:29:43'),(87,'autem',545299,NULL,22,'2018-08-05 20:33:32','2014-07-24 16:54:02'),(88,'ut',944220,NULL,36,'2014-08-21 19:34:02','2015-07-13 05:16:48'),(89,'accusantium',94698173,NULL,40,'2013-05-22 14:06:26','2021-02-04 07:02:15'),(90,'quam',0,NULL,45,'2015-05-15 11:58:39','2018-04-16 14:23:05'),(91,'voluptates',599,NULL,24,'2015-03-19 20:03:19','2013-03-05 19:12:01'),(92,'totam',4,NULL,7,'2019-02-28 17:30:22','2012-12-15 19:19:57'),(93,'debitis',0,NULL,12,'2021-03-08 07:29:57','2013-06-01 01:08:41'),(94,'rerum',837,NULL,49,'2014-01-16 21:49:20','2012-03-23 10:06:16'),(95,'commodi',54290604,NULL,50,'2015-02-20 17:45:24','2011-08-01 08:42:09'),(96,'consectetur',38638800,NULL,40,'2020-11-16 17:22:03','2019-09-15 15:30:05'),(97,'placeat',8100527,NULL,9,'2014-04-05 15:04:21','2014-06-30 04:34:18'),(98,'dolor',0,NULL,7,'2016-12-23 23:37:38','2019-12-07 13:09:30'),(99,'consequatur',666118070,NULL,19,'2017-03-03 00:03:57','2013-04-27 19:12:31'),(100,'accusantium',87499657,NULL,31,'2020-06-03 11:31:10','2019-10-21 07:36:25');
/*!40000 ALTER TABLE `media` ENABLE KEYS */;
UNLOCK TABLES;

--
-- Table structure for table `media_types`
--

DROP TABLE IF EXISTS `media_types`;
/*!40101 SET @saved_cs_client     = @@character_set_client */;
/*!50503 SET character_set_client = utf8mb4 */;
CREATE TABLE `media_types` (
  `id` int unsigned NOT NULL AUTO_INCREMENT,
  `type` varchar(255) CHARACTER SET utf8mb4 COLLATE utf8mb4_unicode_ci NOT NULL,
  PRIMARY KEY (`id`),
  UNIQUE KEY `type` (`type`)
) ENGINE=InnoDB AUTO_INCREMENT=51 DEFAULT CHARSET=utf8mb4 COLLATE=utf8mb4_unicode_ci;
/*!40101 SET character_set_client = @saved_cs_client */;

--
-- Dumping data for table `media_types`
--

LOCK TABLES `media_types` WRITE;
/*!40000 ALTER TABLE `media_types` DISABLE KEYS */;
INSERT INTO `media_types` VALUES (39,'abkx'),(3,'ajgr'),(35,'biyy'),(33,'bmeg'),(6,'bpyz'),(1,'bqsf'),(40,'ccqi'),(11,'cjhb'),(42,'cmmb'),(45,'coxp'),(32,'cueh'),(9,'ernr'),(21,'fauk'),(7,'fhma'),(25,'fpgc'),(44,'ftar'),(14,'gllw'),(17,'gtaw'),(8,'iinm'),(37,'incp'),(13,'jkfc'),(16,'jlfn'),(27,'jzds'),(48,'kgow'),(47,'kgqy'),(49,'kmgs'),(36,'kozn'),(10,'ktzo'),(18,'lhhs'),(23,'luby'),(29,'mivd'),(19,'msih'),(50,'mtlu'),(31,'mydk'),(46,'nudt'),(38,'nutp'),(12,'oznu'),(4,'pwwb'),(28,'sblr'),(34,'stkg'),(26,'tdat'),(22,'tjei'),(2,'tjgy'),(41,'ufnx'),(24,'uxll'),(20,'vsjt'),(15,'witv'),(43,'wlzy'),(30,'xhpa'),(5,'zpon');
/*!40000 ALTER TABLE `media_types` ENABLE KEYS */;
UNLOCK TABLES;

--
-- Table structure for table `messages`
--

DROP TABLE IF EXISTS `messages`;
/*!40101 SET @saved_cs_client     = @@character_set_client */;
/*!50503 SET character_set_client = utf8mb4 */;
CREATE TABLE `messages` (
  `id` bigint unsigned NOT NULL AUTO_INCREMENT,
  `from_user_id` bigint unsigned DEFAULT NULL,
  `to_user_id` bigint unsigned DEFAULT NULL,
  `body` text CHARACTER SET utf8mb4 COLLATE utf8mb4_unicode_ci NOT NULL,
  `media_id` int unsigned DEFAULT NULL,
  `is_important` tinyint(1) DEFAULT NULL,
  `created_at` datetime DEFAULT CURRENT_TIMESTAMP,
  `edited_at` datetime DEFAULT CURRENT_TIMESTAMP ON UPDATE CURRENT_TIMESTAMP,
  PRIMARY KEY (`id`),
  KEY `messages_from_user_id_fk` (`from_user_id`),
  KEY `messages_to_user_id_fk` (`to_user_id`),
  CONSTRAINT `messages_from_user_id_fk` FOREIGN KEY (`from_user_id`) REFERENCES `users` (`id`) ON DELETE CASCADE,
  CONSTRAINT `messages_to_user_id_fk` FOREIGN KEY (`to_user_id`) REFERENCES `users` (`id`) ON DELETE CASCADE
) ENGINE=InnoDB AUTO_INCREMENT=101 DEFAULT CHARSET=utf8mb4 COLLATE=utf8mb4_unicode_ci;
/*!40101 SET character_set_client = @saved_cs_client */;

--
-- Dumping data for table `messages`
--

LOCK TABLES `messages` WRITE;
/*!40000 ALTER TABLE `messages` DISABLE KEYS */;
INSERT INTO `messages` VALUES (1,11,5,'Ut ducimus sapiente totam eius aliquid quia sed. Eos unde voluptatibus suscipit ut sit ea aspernatur. Beatae esse omnis eos aliquam.',6,NULL,'2021-02-19 17:44:30','2015-05-23 04:17:50'),(2,60,16,'Id hic tempora quas asperiores. Natus sint est consequuntur ut dolorem dolorem. Similique ipsam quia similique est culpa qui quia. Iure vel nulla expedita at quia dolorum.',41,NULL,'2015-02-26 14:09:51','2016-12-05 12:40:36'),(3,51,49,'Officiis incidunt minima aspernatur ut suscipit earum et. Voluptatem laborum aperiam adipisci dolorem. Non quia et voluptas consequatur et rerum. Omnis nisi autem velit distinctio.',75,NULL,'2016-01-28 09:16:09','2016-06-12 21:03:59'),(4,91,50,'Exercitationem qui inventore ut. Ea voluptas laboriosam odit molestiae non omnis. Quia ipsum est et maiores cupiditate odio magnam aperiam. Optio quos exercitationem nulla error nesciunt sit in similique.',57,NULL,'2017-01-24 05:34:31','2019-06-14 23:35:32'),(5,53,62,'Iure omnis minima recusandae iusto ea provident rerum fugiat. Et et eum sint culpa. Consequatur sunt et eius aut sequi.',50,NULL,'2011-06-14 11:34:04','2013-05-09 10:44:25'),(6,15,26,'Dignissimos exercitationem in voluptatem voluptatem. Ducimus fuga pariatur quisquam quo labore fuga. Officia voluptas harum non molestiae molestiae nisi officiis vel.',87,NULL,'2019-06-24 07:29:39','2011-07-08 10:08:10'),(7,5,73,'Molestiae consequatur nemo iste sed non et repellat. Nulla sed velit voluptatem et repellendus ipsa et. Ut laboriosam ut id perspiciatis asperiores provident. Blanditiis eum dignissimos vel non ut.',63,NULL,'2014-03-18 15:10:20','2020-10-25 10:52:53'),(8,78,18,'Rerum optio fugiat non. Tempore placeat ut vitae vel voluptatem vero unde. Vitae odio recusandae amet et nihil a doloribus. Temporibus est sit laudantium vitae rerum doloribus.',26,NULL,'2015-02-09 20:51:35','2013-08-21 08:37:08'),(9,75,16,'Eligendi quia est quia. Ea repellat voluptate unde possimus. Temporibus rerum dolor alias totam nostrum inventore reprehenderit. Voluptatem minima est sequi eaque rerum qui.',20,NULL,'2011-09-03 07:29:16','2019-03-28 22:12:22'),(10,82,51,'Dolore nostrum in quia maiores quisquam dignissimos quod ut. Facere sit dolorem laboriosam voluptatem eos qui sit nemo. Qui quo maxime rem dicta totam sed aliquam. Praesentium vel velit minima accusantium ratione mollitia placeat.',51,NULL,'2020-01-24 11:43:08','2017-10-23 20:49:50'),(11,66,61,'Qui dolorem ut atque minima placeat. Tenetur et libero aut consequatur cupiditate sequi. Est temporibus ut aliquam. Et ea tempore quam est aut debitis.',56,NULL,'2020-12-09 08:10:56','2013-02-08 08:18:24'),(12,72,21,'Doloremque dolorum nulla odit quaerat iusto libero exercitationem. Possimus et enim quia minus. Velit autem voluptate id nemo doloribus libero. Numquam id eveniet sequi consequatur veritatis.',71,NULL,'2014-08-17 06:55:32','2011-09-15 18:00:45'),(13,12,71,'Aut temporibus alias reprehenderit culpa saepe quidem ab omnis. Minima nam dolores quae eos illo. Reprehenderit et inventore officia nostrum.',19,NULL,'2014-08-22 01:13:04','2011-06-15 21:07:58'),(14,87,62,'Ab veritatis quia possimus porro. Repellendus sed nemo eaque ex quae omnis. Doloremque ut dolorum quia aut enim atque.',69,NULL,'2012-05-21 06:33:06','2012-06-19 07:39:36'),(15,43,15,'Aliquam assumenda ad porro suscipit fugiat praesentium nemo. Consequatur dolorum nemo magni reprehenderit voluptatem temporibus corporis. Quo quis non occaecati in nostrum.',31,NULL,'2016-10-25 20:28:09','2019-07-22 03:15:34'),(16,93,29,'Et sit voluptatem voluptas temporibus in repudiandae deserunt ut. Quia sunt quibusdam voluptatum. Ut blanditiis reiciendis consequuntur.',56,NULL,'2015-10-18 14:01:30','2013-05-04 03:33:51'),(17,79,33,'In odit suscipit dolor. Eaque in tenetur quia accusamus. Ea soluta optio quia sed amet et debitis amet. Excepturi maxime voluptas id sequi cumque hic.',28,NULL,'2015-11-06 11:56:59','2016-03-03 22:30:47'),(18,42,10,'Dolores aliquam aut tempore non possimus impedit. Voluptates et sed adipisci. Rem consectetur possimus corporis odit ipsam. Doloremque rerum dolorum vel quia ad quia.',46,NULL,'2012-10-07 01:03:32','2012-05-27 14:30:29'),(19,67,85,'Sequi rerum placeat recusandae ea et perspiciatis porro. Qui laudantium laborum distinctio non excepturi numquam eaque. Sint repellat sint at asperiores saepe. Vitae dolor accusantium laudantium aperiam natus sed.',62,NULL,'2020-04-06 08:44:48','2018-11-24 16:13:24'),(20,87,66,'Doloremque aliquid voluptatem dolores omnis. Sit dolorem quibusdam eum omnis sit et. Incidunt rerum repellat qui nemo. Deserunt et dolorem et provident natus at voluptatem.',12,NULL,'2014-06-19 17:49:25','2020-12-27 04:45:09'),(21,38,32,'Officia aut quam velit dolorem. Qui dolorem inventore incidunt. Et esse corporis magnam unde voluptates. Sint cum natus voluptates sed accusamus cum.',73,NULL,'2019-01-20 01:01:44','2018-12-28 19:28:17'),(22,93,3,'Et nobis vel repellat. Voluptatum minus esse excepturi mollitia id consequuntur eos. Deleniti eos quo molestiae accusantium suscipit veritatis esse possimus. Saepe minus non nihil qui placeat. Sit suscipit deserunt facilis placeat vero.',94,NULL,'2012-09-10 01:46:13','2017-08-10 22:49:48'),(23,64,14,'Labore enim sint vitae recusandae. Minima vitae qui neque inventore aliquid et id. Explicabo porro consequatur qui aperiam expedita quasi qui. Ut rerum qui enim laborum maxime adipisci.',65,NULL,'2017-04-03 13:14:05','2015-01-23 01:40:23'),(24,83,100,'Qui non repellendus corrupti voluptatem recusandae. Ullam quo autem minima asperiores. Omnis at porro sed quisquam rerum doloremque quo. Ad non vero a blanditiis cumque consequuntur aut.',26,NULL,'2013-11-07 02:37:21','2018-04-16 17:44:56'),(25,51,43,'Ex cum exercitationem est. Velit qui voluptas deleniti a. Sit sit sequi sed. Quas omnis magnam voluptatem voluptate consequatur rerum sint.',40,NULL,'2013-03-04 06:46:40','2013-04-07 02:29:27'),(26,81,35,'Laudantium expedita molestiae autem quibusdam repellendus ipsum quia. Quae id veritatis doloribus. Aspernatur voluptatibus blanditiis rerum laborum. Rerum aliquam odit distinctio est ipsam ad. Facere et distinctio autem accusamus aut.',68,NULL,'2011-10-01 22:16:41','2018-10-22 20:23:01'),(27,36,14,'Omnis quia et sit. Eaque hic quaerat voluptates ea. Sed quo quia earum odit nesciunt repellat. Dolores ipsam enim ad.',100,NULL,'2020-11-26 11:14:33','2018-05-12 04:11:18'),(28,64,55,'Perferendis distinctio est eaque eos. Deserunt aut dignissimos ut et. Aut quis voluptatem asperiores.',9,NULL,'2012-06-07 05:45:41','2017-02-15 10:33:43'),(29,10,22,'Iure fugit beatae exercitationem quasi ut fugit vel. Sequi deleniti dolores provident minima non. Laudantium sint corrupti accusantium praesentium libero architecto saepe.',94,NULL,'2016-01-18 06:49:52','2018-07-27 15:55:07'),(30,71,8,'Porro sit atque assumenda totam accusamus ipsum velit. Provident corrupti aut non magnam laudantium repellat voluptate voluptatem. Quasi cum tempora doloribus. Itaque animi dicta debitis veritatis autem ea nisi.',59,NULL,'2011-12-02 17:42:16','2019-05-31 13:32:36'),(31,82,46,'Nemo magnam aut neque cupiditate culpa enim libero. Dolores exercitationem molestiae et. Sed nesciunt impedit rerum.',90,NULL,'2019-05-01 20:40:57','2011-06-09 11:41:30'),(32,55,38,'Aut exercitationem consectetur repudiandae vel doloribus. Impedit tenetur non quia voluptate sint incidunt porro. Quae blanditiis ut fuga eius. Ut ea rerum praesentium fugiat facere assumenda occaecati ut. Tenetur magni nostrum nulla qui.',93,NULL,'2019-02-19 11:58:12','2014-05-13 08:13:22'),(33,48,2,'Et ducimus occaecati provident optio ipsum numquam iure. Et consequuntur nobis amet possimus reprehenderit. Fuga incidunt velit aut et deleniti est autem. Ipsam rem voluptatum consequatur ad.',6,NULL,'2014-04-13 20:42:05','2014-05-19 23:15:09'),(34,12,84,'Deleniti ut a voluptas doloribus quam quia necessitatibus. Commodi ut blanditiis praesentium. Et quisquam recusandae adipisci illum dolor qui.',6,NULL,'2020-10-18 02:43:10','2018-09-19 15:58:27'),(35,37,35,'Libero assumenda numquam beatae corrupti dolorem repudiandae. Necessitatibus soluta in beatae praesentium reiciendis et. Necessitatibus non sunt sed harum aut maiores rerum. Beatae quo porro ut ea assumenda adipisci.',48,NULL,'2014-12-06 09:54:30','2017-05-04 20:32:59'),(36,76,16,'Nulla est beatae ut optio soluta aut. Necessitatibus quo labore ipsam nihil quia. Ut magnam illum ratione aliquid rerum assumenda.',82,NULL,'2019-02-26 14:00:55','2019-04-27 04:05:51'),(37,43,52,'Et est officiis qui ducimus rerum. Eos qui reiciendis sint ad expedita adipisci optio. Qui soluta perspiciatis molestiae nostrum eos consequatur ut.',96,NULL,'2020-02-24 10:10:37','2011-09-25 23:32:58'),(38,43,15,'Quae quis quia dolorum omnis. Dolorem et a voluptates consequuntur iste quo vel. Accusamus architecto autem libero.',50,NULL,'2016-12-14 13:30:03','2021-05-17 22:08:06'),(39,52,24,'Architecto omnis quod enim blanditiis tenetur vero. Dolorem eos modi consequatur dolores. Quo voluptatibus ad praesentium molestiae rerum fugiat. Nihil aut ratione iste. Quibusdam voluptatem soluta nemo tenetur sed nisi aut.',71,NULL,'2014-03-13 13:12:49','2012-04-18 23:54:29'),(40,45,95,'Numquam accusantium modi minus suscipit quisquam optio architecto voluptas. Voluptatum dolor et minus eligendi sed recusandae. Earum qui laborum repellat sit. A et et ducimus laudantium illo repellendus neque.',79,NULL,'2018-04-08 11:47:23','2013-02-05 16:09:42'),(41,4,77,'Tempore qui culpa libero maxime quia. Qui quae mollitia natus. Reprehenderit dolorem blanditiis odio sed. Deleniti est inventore est excepturi eligendi tenetur placeat. Perferendis deserunt dolor quae quis ea dolorum.',24,NULL,'2012-11-14 01:56:26','2019-06-23 07:26:56'),(42,94,31,'Est exercitationem distinctio unde voluptatem asperiores quasi. Doloremque earum eum unde nostrum vel blanditiis voluptas. Et nobis corporis culpa ea ab.',62,NULL,'2017-11-28 14:58:25','2018-06-01 10:33:39'),(43,86,78,'Illo nihil id voluptatem itaque mollitia. Commodi voluptatem voluptatem rerum esse unde. Soluta voluptas minus sunt. Necessitatibus ut omnis ut voluptates praesentium.',63,NULL,'2015-06-24 14:18:11','2013-08-26 02:30:56'),(44,91,89,'Vitae eligendi labore non neque. Repudiandae quia officiis odio qui praesentium omnis dolore. Ex deleniti suscipit rerum consequatur.',46,NULL,'2012-05-07 19:25:23','2019-12-13 22:56:41'),(45,97,26,'Quod veritatis nulla libero architecto voluptates. Dolorem at occaecati nesciunt. Et velit expedita in quas odio consequatur non. Quia velit nihil quae est porro unde laboriosam.',80,NULL,'2013-09-29 10:29:31','2020-01-08 06:38:29'),(46,45,1,'Occaecati voluptatem enim quis debitis in dolorem. Quod enim laboriosam nihil quis. Nostrum odio incidunt voluptatum ut qui soluta. Sint quia incidunt accusamus labore.',95,NULL,'2011-08-24 21:25:53','2020-09-01 18:33:36'),(47,27,44,'Culpa repudiandae et voluptatibus consequuntur ab. Quod suscipit natus qui quasi ut. Repellat et facilis ex eligendi alias maxime tempora.',46,NULL,'2016-11-15 14:53:05','2016-08-26 01:08:07'),(48,22,86,'Accusamus sequi officia eaque ipsa eos numquam. Vitae quibusdam non accusamus aut mollitia maiores. Qui dolores enim saepe et quia autem distinctio. Soluta molestiae quia et omnis qui. Sint eum aut distinctio dolores maxime veniam quia explicabo.',61,NULL,'2017-06-29 01:08:08','2020-01-16 04:32:25'),(49,71,37,'Qui dolor quasi consequatur. Voluptatibus nihil at reiciendis sit et voluptatem corporis. Ut cumque sed recusandae magni. Iste illo animi eum repudiandae voluptas quia architecto vel. Incidunt quod ullam voluptatibus harum beatae iste.',85,NULL,'2020-12-10 18:47:44','2012-10-15 17:59:22'),(50,42,82,'Modi praesentium velit ea deleniti ullam. Consequatur ut itaque ipsa laudantium. Facere animi facilis debitis in et. Qui quae pariatur aliquid amet blanditiis itaque.',79,NULL,'2013-06-12 03:48:06','2016-05-14 11:43:27'),(51,20,85,'Sit amet et sunt iure voluptatum. Quo fugiat ut sunt sapiente et ad ducimus tenetur.',55,NULL,'2012-12-31 03:08:07','2016-02-09 06:41:26'),(52,43,78,'Eaque sed ducimus perspiciatis enim minus deserunt. In odit ea atque. Laboriosam repellat alias modi adipisci recusandae. Illum necessitatibus nobis voluptas recusandae maiores ipsum.',86,NULL,'2018-08-26 16:02:22','2019-04-02 20:49:13'),(53,5,63,'Cupiditate cumque quo quis aut. Corrupti et non dolores quia qui temporibus laboriosam. Natus ipsum esse quae doloribus possimus quia quo.',64,NULL,'2019-11-07 12:51:46','2014-03-26 11:25:01'),(54,67,54,'Est hic quasi quasi vitae et iure ut. Atque animi vero non sint.',52,NULL,'2014-10-17 03:49:04','2020-10-13 02:55:52'),(55,12,51,'Nostrum qui molestiae accusantium a tenetur dignissimos. Expedita non fugit labore porro. Non eum excepturi magni officiis sit est.',78,NULL,'2020-01-16 18:05:08','2014-05-18 09:54:58'),(56,92,95,'Corporis ullam fugit qui cumque nihil expedita et. Quas dolorem qui laudantium qui esse aliquam. Distinctio ea voluptate accusamus libero quas ex. Autem aut voluptatum quod asperiores sit incidunt.',78,NULL,'2020-06-16 07:04:28','2018-04-12 08:11:24'),(57,87,21,'Et reprehenderit autem beatae pariatur. Adipisci in laborum et quam molestias dolor eveniet. Dignissimos enim dignissimos in quis provident asperiores aperiam. Atque ab autem explicabo aut.',22,NULL,'2020-04-07 09:43:45','2018-06-05 05:07:41'),(58,33,42,'Aut consequuntur aperiam eaque eos et asperiores dolorem. Nostrum accusantium iusto et quo qui ut. Sunt ad fugiat inventore optio ad quae.',8,NULL,'2019-05-14 11:33:45','2020-03-21 17:30:07'),(59,93,12,'Iusto eius expedita nobis velit facilis ducimus hic. Quam impedit quibusdam qui amet quidem qui. Assumenda et aperiam quia labore nesciunt quia sed.',45,NULL,'2018-12-07 07:36:19','2021-02-08 09:59:13'),(60,78,53,'Quis odit voluptas recusandae vel saepe blanditiis inventore fuga. Consectetur sint ad rerum officiis et a. Velit voluptatem libero et maiores ea quia.',26,NULL,'2021-02-27 13:22:41','2020-09-04 11:37:58'),(61,56,73,'Maiores ea autem blanditiis magni dolorem ut sapiente. Quisquam est voluptate ea numquam. Hic et omnis qui et expedita.',11,NULL,'2015-02-16 10:39:41','2012-02-05 04:20:30'),(62,11,16,'Quis repellendus autem et. Rerum officia facere et architecto sit consectetur. Ut nam in minus quaerat nam. Eos aut aut et ut non laboriosam.',88,NULL,'2013-08-09 17:59:13','2012-07-31 01:20:10'),(63,97,20,'Deleniti repudiandae reprehenderit recusandae. Id magni quia temporibus. Assumenda est tenetur ad.',51,NULL,'2012-04-13 19:52:13','2013-08-25 01:05:55'),(64,60,86,'Minus minus exercitationem et recusandae consequatur eveniet illo delectus. Nihil rem sit est porro iste corporis.',5,NULL,'2011-07-21 16:53:12','2018-08-27 10:35:21'),(65,12,98,'Sed cum commodi cupiditate aut voluptate nihil earum. Corporis quas molestiae occaecati hic. Soluta quia ipsam sed voluptas earum ex minima. Incidunt asperiores quo est.',55,NULL,'2013-04-01 15:25:41','2015-10-02 15:48:27'),(66,89,89,'Architecto voluptatem quia magni. In odio autem harum eveniet ut ipsam culpa veritatis. Expedita nulla consequatur laborum est enim quisquam recusandae dolorem. Aut omnis architecto voluptatibus excepturi.',49,NULL,'2020-10-06 01:31:37','2018-01-11 19:40:38'),(67,67,75,'Aliquid magnam vel assumenda fuga. Ullam ex voluptatem omnis nulla. Sunt quis eligendi asperiores vitae.',69,NULL,'2012-01-06 21:36:34','2020-08-10 09:11:02'),(68,88,8,'Ipsum iusto qui ipsum atque quis aliquid dolor. Sapiente voluptatem tempora sunt. Explicabo vitae quos consequuntur dignissimos ut.',10,NULL,'2014-12-25 05:08:22','2011-08-30 06:59:11'),(69,96,100,'Eum aliquam et blanditiis quam provident. Inventore maxime impedit in pariatur eligendi. Voluptatem dolor sit non quaerat. Quasi atque laboriosam nemo doloribus vel.',22,NULL,'2018-04-14 22:43:36','2020-09-24 03:33:52'),(70,40,77,'Id minus laborum mollitia est voluptas reprehenderit. Esse temporibus provident repellat ad. Non tenetur eos incidunt molestiae dolor.',75,NULL,'2012-05-20 08:09:35','2019-04-02 08:48:09'),(71,66,33,'Eaque esse repellat explicabo aperiam. Ut tenetur et rerum aliquid voluptatem. Totam blanditiis perspiciatis praesentium id id enim architecto sed. Enim quae ut debitis voluptatem placeat atque.',47,NULL,'2014-12-01 12:36:08','2012-05-16 16:37:02'),(72,76,44,'Molestiae debitis repudiandae ab minima consequatur nam et. Molestiae reiciendis atque nisi et. Quos incidunt velit unde enim ut sapiente et. Ducimus at earum est nobis deserunt consectetur alias veniam.',63,NULL,'2017-08-04 05:17:27','2018-12-13 13:38:17'),(73,63,40,'Neque temporibus ab et perspiciatis at. Quae doloremque sint quisquam in.',82,NULL,'2020-08-26 23:20:29','2015-03-21 20:05:19'),(74,14,99,'Quidem sint repudiandae inventore quis qui. Eaque est eum delectus iure consequatur. Dolore voluptas quod architecto ea incidunt. Non sed tenetur autem dignissimos reprehenderit aspernatur. Nostrum inventore non magnam expedita maiores.',67,NULL,'2012-12-05 12:53:14','2017-11-06 23:40:17'),(75,18,11,'Maiores blanditiis eos sit vero doloremque. Dolorum nam ut qui. Dicta nostrum facilis quis commodi maiores quasi odio.',65,NULL,'2012-12-16 18:04:59','2012-01-16 11:26:23'),(76,72,99,'Error architecto enim repudiandae eos laboriosam nostrum. Ipsam eaque et iste temporibus. Ut eius dolorem velit molestias dolore aut velit blanditiis.',53,NULL,'2021-03-13 11:59:39','2020-10-29 02:32:40'),(77,20,65,'Rerum et rerum iste voluptatem optio eos. Laboriosam corrupti consequatur deserunt ab. Vel est quibusdam aut optio.',28,NULL,'2014-07-16 23:07:55','2014-09-25 10:31:15'),(78,89,53,'Cupiditate accusamus officia beatae voluptatem aliquid earum maxime. Sit assumenda quaerat ipsa. Explicabo tempora atque veritatis eos quaerat aliquid voluptatem.',35,NULL,'2015-07-29 05:03:06','2015-06-17 05:58:16'),(79,98,48,'Voluptates hic blanditiis in rem ut rerum accusantium. Sint ut laborum magni distinctio dicta iste quia. Quibusdam unde sit architecto sunt perferendis quo modi.',35,NULL,'2020-10-18 09:15:43','2015-11-18 08:17:54'),(80,20,88,'Consequatur mollitia odit vero qui. Dolorum ipsum fuga eos illo. At illum earum eum distinctio.',12,NULL,'2019-08-01 05:35:02','2011-12-11 11:51:19'),(81,94,53,'Error est qui architecto esse voluptatem veniam explicabo inventore. Quia id culpa voluptate quia. Magni inventore commodi unde architecto placeat. Cum sit eum et odio vel.',45,NULL,'2012-10-08 14:47:33','2011-11-11 10:18:28'),(82,41,28,'Dolorem voluptas optio et dolore. Consequatur velit corporis nemo ratione placeat suscipit dolore. Quidem tempore dolor est blanditiis quae veritatis.',88,NULL,'2019-06-12 20:11:22','2011-07-07 03:00:22'),(83,3,91,'Saepe minus accusamus doloribus minima iure perspiciatis. Reiciendis delectus quia rerum autem. Aut illum sed maxime iusto quas.',28,NULL,'2018-03-16 19:43:41','2012-04-12 10:31:34'),(84,84,4,'Veritatis molestiae recusandae est aut praesentium qui. Non sint aut vero culpa animi et. Molestiae soluta dolor totam tempora officiis natus ut.',27,NULL,'2013-07-29 08:54:59','2017-02-03 20:17:05'),(85,51,22,'Aut et dolores et. Aut veniam qui vel reprehenderit aut. Non qui consequatur ea quis unde error. Voluptas et quae corporis consectetur velit dolorem.',37,NULL,'2011-11-28 23:28:45','2018-10-31 05:02:01'),(86,15,93,'Perspiciatis iusto aut quis ipsam a iusto. Rem expedita voluptates magnam ut delectus. Et sit quam placeat sapiente.',35,NULL,'2016-12-23 23:20:41','2020-12-13 16:12:35'),(87,68,13,'Cum animi soluta magni eos quam cumque. Quisquam magnam voluptates dicta eum. Sunt suscipit temporibus ut soluta et excepturi.',100,NULL,'2019-02-25 19:24:34','2015-07-05 01:04:21'),(88,95,1,'Itaque laboriosam et deserunt omnis. Ullam eveniet ipsa ab quis ex excepturi quam. Fugit qui perferendis et minima. Fugiat accusamus explicabo voluptatem possimus.',53,NULL,'2013-10-05 06:18:45','2014-12-06 19:32:02'),(89,30,99,'Ullam vel alias non nisi. Illum vel itaque similique voluptatem et ad recusandae. Amet expedita aliquid sequi dolorem labore.',100,NULL,'2018-07-04 21:14:14','2014-07-23 01:28:20'),(90,65,19,'Ut qui sed incidunt excepturi dolorem ex aut. Eius quidem saepe ut ut incidunt. Consequatur temporibus assumenda inventore fuga similique. Odio accusamus rerum et minima maxime.',87,NULL,'2012-06-18 00:05:55','2020-04-14 17:53:49'),(91,76,12,'Fugiat qui in repudiandae perferendis. Sit veritatis molestiae cum magnam veniam.',40,NULL,'2020-01-29 17:28:47','2015-09-10 07:29:11'),(92,20,53,'Omnis doloribus architecto tempore et recusandae. Aut et in aperiam et laboriosam itaque. Eaque minima necessitatibus ea cumque voluptatem quo omnis non.',67,NULL,'2020-10-08 19:35:50','2021-04-13 15:14:11'),(93,8,55,'Provident reprehenderit omnis eaque velit nostrum cupiditate. Dolorem ut impedit vero sit vel consequatur consequuntur. Et facilis cum nemo tempora architecto corrupti. Repellendus et nihil velit sit minus. Ratione blanditiis fugiat quas quis quos consequatur.',58,NULL,'2020-01-17 07:46:01','2015-02-02 15:09:04'),(94,35,39,'Et distinctio assumenda hic quis autem ea fuga. Eos sed sit illo ipsum. Autem maxime iste a est deserunt voluptatem et quis. Officiis quibusdam sed maiores sapiente est.',62,NULL,'2013-04-14 01:50:47','2015-09-04 08:37:22'),(95,62,90,'Recusandae est perspiciatis ipsum. Facere nostrum veniam illum maiores. Veniam blanditiis mollitia ipsa praesentium repellat iure.',83,NULL,'2020-10-10 02:35:35','2011-06-25 03:30:49'),(96,99,4,'Modi maxime earum exercitationem perferendis ea. Sapiente in aut doloribus dignissimos et sit. Iste enim architecto perferendis provident voluptas. Laudantium temporibus necessitatibus odit nisi commodi.',76,NULL,'2017-06-22 23:01:20','2018-12-15 14:09:32'),(97,33,72,'Natus nulla consequatur aut velit. Perspiciatis quo cumque debitis ipsum earum enim aut.',89,NULL,'2014-06-25 22:59:37','2014-04-10 02:30:32'),(98,33,67,'Nam eum adipisci et repudiandae. Dolor vel voluptas quis eligendi vel debitis ut. Expedita exercitationem fugiat odio sint et. Consequatur repellendus beatae sint neque.',89,NULL,'2014-03-17 07:29:26','2013-11-12 08:23:36'),(99,85,96,'Veritatis temporibus non eos inventore eius. Dolores non ipsa consectetur eum fugiat. Eos eum odit animi perferendis odit. Et harum ex voluptates.',88,NULL,'2016-09-30 11:49:02','2015-02-16 14:14:23'),(100,85,60,'Quis repudiandae iure repellendus asperiores ratione. Est sunt repellendus praesentium. Adipisci omnis officia exercitationem in est blanditiis.',6,NULL,'2019-02-01 01:49:11','2018-11-02 08:06:35');
/*!40000 ALTER TABLE `messages` ENABLE KEYS */;
UNLOCK TABLES;

--
-- Table structure for table `posts`
--

DROP TABLE IF EXISTS `posts`;
/*!40101 SET @saved_cs_client     = @@character_set_client */;
/*!50503 SET character_set_client = utf8mb4 */;
CREATE TABLE `posts` (
  `id` bigint unsigned NOT NULL AUTO_INCREMENT,
  `user_id` bigint unsigned DEFAULT NULL,
  `head` varchar(255) CHARACTER SET utf8mb4 COLLATE utf8mb4_unicode_ci DEFAULT NULL COMMENT 'заголовок',
  `body` text CHARACTER SET utf8mb4 COLLATE utf8mb4_unicode_ci NOT NULL COMMENT 'Markdown',
  `media_id` bigint unsigned DEFAULT NULL,
  `cloud_tag` text CHARACTER SET utf8mb4 COLLATE utf8mb4_unicode_ci COMMENT 'теги для быстрого поиска по группам постов',
  `is_public` tinyint(1) DEFAULT '1',
  `is_archived` tinyint(1) DEFAULT '0',
  `created_at` datetime DEFAULT CURRENT_TIMESTAMP,
  `edited_at` datetime DEFAULT CURRENT_TIMESTAMP ON UPDATE CURRENT_TIMESTAMP,
  PRIMARY KEY (`id`),
  KEY `posts_user_id_fk` (`user_id`),
  KEY `posts_media_id_fk` (`media_id`),
  CONSTRAINT `posts_media_id_fk` FOREIGN KEY (`media_id`) REFERENCES `media` (`id`) ON DELETE CASCADE,
  CONSTRAINT `posts_user_id_fk` FOREIGN KEY (`user_id`) REFERENCES `users` (`id`) ON DELETE CASCADE
) ENGINE=InnoDB AUTO_INCREMENT=101 DEFAULT CHARSET=utf8mb4 COLLATE=utf8mb4_unicode_ci;
/*!40101 SET character_set_client = @saved_cs_client */;

--
-- Dumping data for table `posts`
--

LOCK TABLES `posts` WRITE;
/*!40000 ALTER TABLE `posts` DISABLE KEYS */;
INSERT INTO `posts` VALUES (1,69,'Voluptatibus cumque reiciendis vel et rerum harum.','Aut ad rem et at rerum quod. Qui sed quis qui alias quidem molestiae. Nam consequatur qui dolores aut. Est rerum totam exercitationem expedita.',83,'lfhs',0,0,'2013-03-04 13:14:59','2011-12-16 02:35:22'),(2,53,'Sunt ut magni inventore aperiam dignissimos vero blanditiis.','Voluptates excepturi est et. Cupiditate ut cum explicabo incidunt molestias. Reiciendis similique quibusdam dolorem ratione odio dignissimos.',38,'hmno',0,1,'2019-05-07 19:36:31','2019-07-02 09:20:36'),(3,37,'Provident natus sequi occaecati eaque dolorem delectus.','Ea voluptate aut eligendi. Qui est consectetur ipsam architecto ipsum. Perferendis provident cupiditate occaecati expedita natus. Vel aut labore accusamus nulla deserunt. Deserunt sit eaque odit alias voluptas ut eum velit.',61,'juxu',0,1,'2015-05-09 10:25:30','2017-05-18 18:08:47'),(4,6,'Eaque sunt aliquam dicta velit nisi ratione.','Dolores aliquid tempore quia non similique. Architecto ipsam sed et accusantium nesciunt. Qui quas rerum esse et.',100,'czjd',1,0,'2014-10-03 21:27:57','2014-12-15 18:14:44'),(5,50,'Quam commodi est accusamus minus architecto.','Architecto ipsam qui delectus accusantium reprehenderit et aut. Est hic consectetur ea placeat delectus eveniet est. Sed officia quasi non maiores reiciendis voluptas.',80,'uwlo',0,0,'2013-01-08 01:50:49','2014-12-20 15:35:09'),(6,67,'Aperiam ipsam corrupti sed est.','Et officia officiis ea minus. Ut quos quis quia. Laudantium ea voluptate quos expedita.',99,'ryrw',1,1,'2014-12-24 05:16:05','2017-05-06 09:24:28'),(7,7,'Accusantium dolor vero quia dolorum.','Quaerat ab tempore ut et. Ipsam laudantium labore vitae vitae et reiciendis. Expedita eveniet vero ratione unde.',82,'herh',0,1,'2021-04-24 08:57:00','2014-03-15 21:31:56'),(8,12,'Fugit iste aperiam similique distinctio labore doloribus.','Laborum sed non doloribus qui non iure quos dolores. Dolor cum commodi doloribus nostrum exercitationem. Recusandae voluptate ut eum nulla amet aut reprehenderit modi. Dolores quasi quo rerum facere modi aperiam amet.',95,'xlxt',0,0,'2016-03-13 13:26:14','2020-03-27 12:02:35'),(9,36,'Vero alias mollitia aut eum sint eius velit.','Dolores ducimus eos ad. Et blanditiis aut distinctio rerum repellendus ab. Fuga qui omnis autem et. Occaecati est delectus rerum quia nisi inventore.',45,'kaop',0,0,'2015-01-10 13:45:20','2020-01-22 04:33:05'),(10,27,'Voluptate et tenetur nesciunt aliquam ut ex.','Quia maxime fugiat et minus quia et. Qui consequuntur non a temporibus qui ea. Perspiciatis rerum ipsum eos velit saepe excepturi vero. Est adipisci id aliquam pariatur facilis est. Impedit sunt autem autem magni nihil.',14,'hmoa',0,1,'2012-09-21 23:13:25','2013-12-05 04:32:52'),(11,12,'Maxime molestiae inventore temporibus in et amet.','Dolorum quis veritatis expedita ducimus similique eos. Autem perferendis corrupti velit nobis. Ad accusamus consequuntur quasi totam aut sunt asperiores illum.',47,'bpyu',1,0,'2014-05-01 14:49:02','2017-09-18 06:57:17'),(12,53,'Possimus quas non voluptatibus odio doloremque.','Maiores minus maiores ea reprehenderit. Ducimus enim excepturi numquam rerum debitis et vero. Voluptate vel veniam sint maxime est. Qui id et nostrum ratione.',68,'wvyr',1,1,'2014-01-14 16:47:20','2019-03-22 21:23:28'),(13,83,'Est distinctio et corrupti consectetur nulla consequatur.','Suscipit illum quia debitis reiciendis explicabo placeat consequuntur. Porro voluptatem deserunt fugiat unde at sequi sequi. Nihil assumenda tempora ex voluptatem. Possimus totam et amet a. Ratione quia nulla aut qui accusantium et quis.',99,'qfbs',0,1,'2013-07-28 07:47:21','2018-06-18 13:10:58'),(14,15,'Deleniti corporis aut dolorem molestiae dolore.','Debitis voluptate nemo vitae rerum minus aspernatur. Suscipit harum consequatur voluptas temporibus est consequatur.',41,'upys',0,0,'2015-05-15 22:28:21','2011-10-02 14:47:45'),(15,57,'Velit incidunt aperiam consequuntur dolores fugiat beatae.','Voluptatum facilis perspiciatis et corporis corrupti eius id. Vero veniam facilis nostrum dicta qui itaque. Aut voluptatum aut corrupti praesentium possimus deleniti.',57,'rwhu',1,1,'2020-02-25 20:09:02','2012-03-01 11:07:12'),(16,1,'Id adipisci illo in.','Voluptatibus hic officiis nostrum ut. Perspiciatis facilis sit voluptas est. Aspernatur distinctio nihil possimus iste et.',25,'jyqc',0,0,'2016-06-11 13:22:28','2018-01-24 19:14:12'),(17,39,'Ipsam recusandae voluptatum quisquam.','Illum deleniti minima eligendi sit in quis. Sapiente commodi labore tempora minus sapiente saepe. Inventore saepe inventore illo occaecati sit voluptatum.',53,'ktnb',0,1,'2017-01-12 09:56:39','2020-10-09 21:21:38'),(18,62,'Pariatur delectus ullam ratione tenetur expedita consequatur.','Autem laborum sunt et quis. Voluptatem quaerat numquam aliquam nihil ea corrupti est.',75,'hxco',0,0,'2015-01-25 07:53:16','2020-07-11 03:52:31'),(19,14,'Sed iste quam voluptas vel aliquid.','Quaerat amet repellendus quis qui nihil. Totam sequi dolor ad nobis libero. Aliquid nulla assumenda non quia neque. Sed commodi voluptas quis ea ipsa.',67,'tejz',1,0,'2015-03-25 20:51:53','2014-09-15 03:30:53'),(20,75,'Quo omnis iste ad et.','Officia iusto cupiditate porro ut. Est quibusdam repudiandae nostrum sunt.',64,'lnqu',1,0,'2014-06-27 10:58:11','2013-03-01 16:34:46'),(21,47,'Suscipit id dicta aliquam suscipit reprehenderit.','Consequatur deleniti necessitatibus labore qui ut. Est omnis cum dolores voluptatem. Temporibus earum quaerat doloribus beatae blanditiis officia pariatur qui. Et accusamus sed consequatur eveniet.',42,'rgsa',1,0,'2012-05-16 16:25:58','2012-06-09 15:05:03'),(22,62,'Culpa sunt sed amet maxime ea.','Recusandae autem velit illum et aut rerum aliquam. Soluta eum ducimus adipisci modi provident fugiat neque. Qui ut incidunt quod maxime consequatur ut. Natus deserunt harum esse tenetur veniam laudantium.',53,'kden',0,0,'2019-11-05 18:42:39','2017-01-12 18:52:54'),(23,23,'Alias cupiditate qui error at inventore expedita.','Earum sit ad aperiam aut eum. Autem fugit molestiae est molestiae quaerat quo harum. Officia dolore placeat inventore et aperiam aut velit. Sed sit libero ratione est autem.',74,'ktit',0,1,'2016-08-26 13:12:10','2019-12-02 20:11:19'),(24,48,'Corrupti error alias dolores qui.','Et quae molestias et rerum nobis occaecati provident. Voluptatem enim fugiat velit vero neque sunt iste. Ab sapiente cumque corporis iure optio quisquam a.',59,'ltob',0,1,'2017-07-31 09:30:12','2011-08-05 22:03:23'),(25,19,'Praesentium dolorem perspiciatis sed rerum et.','Optio ipsam culpa vel et quisquam nostrum sapiente. Quisquam aut aut optio suscipit accusantium ad. Quia debitis perspiciatis repellendus cumque consequatur eveniet dolores.',74,'iaqj',1,0,'2015-10-27 20:37:32','2014-07-10 23:18:30'),(26,73,'Accusamus ipsam officia officiis sunt est minima.','Officiis laboriosam laboriosam modi laborum excepturi laudantium. Expedita perspiciatis expedita porro aut iste quam nihil. Animi enim sit tempore quisquam. Voluptatem perspiciatis ut quo nesciunt facilis.',30,'ohhg',1,1,'2020-04-10 22:17:29','2020-04-12 17:31:57'),(27,20,'Aut voluptatem dolor expedita facilis architecto doloremque exercitationem.','Suscipit quidem et iusto et saepe ducimus. Vero quas ducimus velit atque fuga esse et. Laboriosam et laudantium qui velit soluta praesentium molestias. Aut quia non est autem delectus aliquam.',26,'gqtj',1,1,'2016-04-30 23:46:01','2018-02-10 04:42:12'),(28,97,'Dolorum dicta voluptas nostrum ea cum.','Doloribus consequatur quae explicabo ut. Quas eius nobis aut minima ad nam distinctio. Qui et mollitia rerum dignissimos cumque. At corrupti nesciunt necessitatibus provident voluptate laborum tempora.',3,'dpnd',1,0,'2012-04-09 21:45:57','2012-09-22 21:58:49'),(29,25,'Dolores odio a incidunt id animi nemo.','Est ipsum officia porro. Dolorem animi eum corporis autem suscipit itaque. Repellendus magni animi iste amet sapiente possimus sequi.',12,'jfoi',1,0,'2019-11-07 06:31:48','2013-07-19 01:35:45'),(30,44,'Aut deleniti alias modi.','Officia dolorem et asperiores aperiam. Modi sed quia enim adipisci eos magnam quidem. Harum rem sed vel blanditiis id ea veritatis labore. Sit voluptatem magnam quas quam quia commodi.',81,'zitu',0,1,'2018-12-31 05:35:23','2020-07-02 00:31:20'),(31,68,'Voluptates temporibus impedit dignissimos consequatur non animi.','Quam qui et in aut ut voluptatem tempora. Cupiditate laborum autem nostrum est libero vel qui. Dolorem sapiente est in mollitia libero. Eum qui nesciunt alias.',44,'phmc',0,0,'2013-10-21 06:38:02','2016-05-10 09:49:29'),(32,5,'Possimus soluta dolorum provident voluptatibus accusantium vero neque.','Quisquam dolorem aut vitae in. Ut qui eius excepturi blanditiis. Omnis ipsam et animi ab libero laborum fugiat. Neque enim omnis non veritatis quia esse praesentium. Vitae vitae aut maiores itaque eum architecto.',6,'dzta',1,1,'2017-01-21 02:39:00','2017-11-01 19:43:23'),(33,97,'Dicta rerum possimus non illo enim.','Aspernatur voluptatem possimus praesentium quidem. Labore accusamus voluptatem est est praesentium sed sequi assumenda. Inventore aspernatur pariatur officiis quaerat eum at labore. Nobis ad quia veritatis vero debitis.',67,'svdr',1,0,'2019-11-26 05:34:51','2014-11-27 04:16:06'),(34,81,'Voluptatibus atque laborum officiis.','Nesciunt incidunt repudiandae sed recusandae harum quam. Quis porro vitae et. Error possimus non sit. Velit occaecati atque minus neque commodi itaque aut.',11,'heib',1,1,'2015-12-04 09:02:47','2014-09-04 14:18:57'),(35,33,'Illum alias rerum vero perspiciatis autem molestiae et.','Consequatur aut vel voluptas dolorem doloremque quos est. Qui mollitia sit nulla et. Autem vel eaque ipsam unde.',56,'mwbl',0,0,'2020-05-14 04:06:19','2020-07-12 00:33:32'),(36,74,'Doloribus et tenetur culpa autem possimus est nemo.','Illum nisi labore sint aut similique voluptatem. Perspiciatis esse et sed saepe vel rerum. Sit consectetur est qui hic impedit sit.',80,'gxzd',0,1,'2015-10-11 03:17:09','2015-11-16 00:19:21'),(37,98,'Sed iure impedit rerum mollitia ut laborum.','Eum et laborum similique placeat. Et sunt saepe odio sequi voluptas temporibus natus. Quis est in sint.',36,'zfvb',0,0,'2013-12-13 14:57:34','2015-04-02 04:30:44'),(38,32,'Quis suscipit qui et voluptate placeat explicabo.','Velit quia sint ex est dolores. Est commodi exercitationem dolor illum. Voluptatem ut delectus ut provident. Quia ut aut reiciendis pariatur nisi nam.',21,'bmmk',1,1,'2014-07-19 08:37:22','2013-04-24 01:29:03'),(39,10,'Voluptate harum odio tempore neque.','Quas veritatis ipsa et ipsa ex velit. Sed et consequatur sit nesciunt. Excepturi iusto consequatur voluptas praesentium non accusantium ex.',79,'tfmu',1,1,'2019-07-30 15:13:05','2015-10-18 11:52:40'),(40,79,'Omnis assumenda iure tenetur voluptatibus.','Fugit quod voluptatibus assumenda qui molestias harum. Nemo suscipit rerum impedit. Ullam a sed voluptatem corrupti vero quos a. Quisquam vel quia aut temporibus minus ipsum hic. Tempore at commodi sapiente repellendus.',28,'vwqo',1,0,'2017-04-29 13:23:45','2017-12-20 11:02:46'),(41,53,'Expedita ut recusandae incidunt qui sit quas.','Omnis quia architecto id dolor exercitationem voluptates ducimus saepe. Sed assumenda vitae minima architecto. Facilis sint et et omnis unde soluta facere. Dolorem asperiores aut deserunt expedita omnis voluptatibus iste dicta. Ducimus architecto laudantium mollitia.',51,'tbbt',0,0,'2017-02-03 21:11:57','2016-01-06 18:09:45'),(42,57,'Vel mollitia itaque minus dolor.','Vitae necessitatibus enim enim. Sunt ipsam et saepe maiores.',72,'ulbg',0,1,'2014-12-06 10:37:35','2020-12-29 02:04:57'),(43,77,'In maxime eaque qui commodi provident consequatur porro incidunt.','Veritatis dolorem ipsam et maiores porro. Necessitatibus impedit et architecto consequatur ipsa. Unde a error eum quas magnam. Nihil repellendus ut sapiente modi dolores.',54,'qtup',0,0,'2014-12-30 04:59:38','2012-01-12 21:44:29'),(44,75,'Quia sapiente sit labore neque.','At qui rerum et. Nihil id omnis quis doloribus. Labore numquam corporis sunt neque exercitationem laboriosam quos.',1,'pabv',1,0,'2018-04-19 05:56:23','2014-08-01 13:52:48'),(45,65,'Eaque adipisci nihil qui officiis facilis.','Est ut sint voluptas quia est. Qui quidem veniam ducimus sed cum dolorem veniam. Officia quia qui non ex autem fuga omnis et. Quasi est qui consequuntur quia eligendi.',18,'uvvt',1,1,'2013-07-07 06:02:05','2012-05-22 08:14:05'),(46,81,'Culpa ut et expedita.','Ullam ullam quasi delectus facere accusantium et. Possimus voluptatem minima qui. Sit quia repellat at nesciunt minus numquam.',32,'inuy',0,0,'2015-05-16 07:19:28','2014-09-22 23:44:01'),(47,61,'Reiciendis quasi omnis ipsum consequuntur cum praesentium.','Voluptas dolor quis accusantium vitae natus natus asperiores. Exercitationem et qui voluptatibus est. Minus et officiis et sit saepe laudantium vel exercitationem. Ad pariatur rerum consequatur aliquid qui.',86,'qkus',1,0,'2013-09-26 04:47:30','2015-12-17 10:10:05'),(48,38,'Tenetur architecto et sint eum sint similique sit.','Eius dicta id libero non iste quia vel. Et debitis voluptate dolor est atque eos ut delectus. Dolor modi et quaerat ut at non omnis.',58,'fbmz',1,1,'2013-10-07 22:36:24','2017-03-02 12:36:04'),(49,52,'Quae alias aliquam nesciunt qui illo.','Aspernatur et laudantium minus sunt. Voluptatem quos aut beatae corporis iure.',19,'xoye',1,1,'2011-11-11 13:30:52','2014-06-21 10:10:17'),(50,68,'Voluptas voluptas fuga quo magnam repudiandae aut ducimus asperiores.','Ut voluptas quisquam et a voluptas. Et nobis aliquam saepe distinctio facere. Maxime saepe quis et ut voluptatem illum.',85,'nlue',1,0,'2013-06-20 19:45:28','2020-08-06 18:27:05'),(51,74,'Id quasi ab non quibusdam.','Exercitationem corrupti minima iusto et in neque non. Quaerat repudiandae eum id dolores incidunt deleniti. Voluptas nulla cupiditate in nemo qui. Minima molestiae est ipsa animi nemo.',42,'kemz',1,1,'2015-02-07 02:50:13','2017-09-22 01:34:05'),(52,64,'Tempora exercitationem consequatur minima maxime.','Voluptatem explicabo fugiat dolores natus repellendus maiores quia. Ex voluptatem soluta commodi magni atque ullam eveniet. Eum dolores qui quae voluptatibus maxime veritatis est. Totam assumenda exercitationem aspernatur.',72,'eoww',1,0,'2016-06-12 04:51:29','2017-04-08 03:34:47'),(53,78,'Facere eos dolor nesciunt laboriosam ut.','Aliquam quia itaque aut qui repudiandae. Nobis aut et dicta maiores eos. Eos consequuntur occaecati odit error.',95,'ymim',1,0,'2014-11-21 14:46:27','2018-08-04 04:45:15'),(54,92,'Magnam rerum asperiores incidunt distinctio suscipit numquam.','Saepe rem ad esse similique ipsam eligendi. Molestias vero facere ea omnis.',87,'szrj',0,1,'2014-04-23 03:05:33','2011-10-01 19:40:15'),(55,74,'Quibusdam dignissimos iusto ipsam eos.','Dolor ipsam dolorem eos voluptatem est adipisci. Natus suscipit autem et deleniti quam eum voluptatum. Fugiat quasi dolore rerum magnam cum. Molestiae et commodi dolore dolorem aut laudantium aperiam.',70,'kbkn',0,0,'2011-12-10 11:17:24','2020-01-06 17:17:34'),(56,15,'Repellat incidunt rem eaque et aliquam eveniet molestias.','Similique nobis illo rerum repudiandae non reiciendis quas. Odio magnam aut quibusdam eaque. Sequi ea omnis blanditiis tempora facilis est. Porro voluptate voluptatem sed est sunt.',27,'zdvp',1,1,'2017-06-04 17:50:37','2012-03-22 17:31:12'),(57,21,'Aspernatur sequi sequi fuga praesentium.','Enim voluptas qui mollitia. Sapiente et molestias eum ut adipisci. Voluptas sint ea accusantium numquam illo. Autem libero a officiis maxime.',72,'gdmu',1,0,'2019-07-13 03:45:12','2017-06-05 21:29:23'),(58,98,'Tenetur possimus ea quo voluptates nisi qui blanditiis quibusdam.','Velit aut aut consectetur velit molestiae cum. Officiis sint in vel harum ipsa. Nihil quis ut reprehenderit illum nobis molestiae ipsa.',97,'jpjl',0,0,'2016-09-28 10:40:58','2020-07-11 00:45:03'),(59,25,'Deleniti voluptas beatae voluptatem blanditiis velit debitis.','Est rem molestias odio. Omnis earum pariatur voluptatem non doloremque a debitis. Nostrum et quam quam ullam suscipit consequuntur.',73,'wtpt',1,0,'2014-05-10 18:40:44','2020-10-29 16:26:45'),(60,98,'Repudiandae ea corrupti quia porro rerum perferendis.','Eius est rerum eum mollitia accusamus quaerat. Voluptatem expedita libero voluptates quia autem. Ut maxime aliquam eligendi aut. Qui illo sapiente recusandae ipsam molestiae enim.',89,'qddg',0,1,'2019-11-04 21:35:04','2012-07-01 05:51:54'),(61,90,'Soluta officia reprehenderit quam dolorum labore cum sint aspernatur.','Dolore adipisci voluptatem repudiandae quod et. Eligendi odit amet fuga. Nisi quas est quasi nam molestias ut unde commodi. Quasi tempora qui quae unde aspernatur corporis blanditiis.',78,'uplo',0,0,'2018-12-20 01:13:34','2017-11-29 22:24:31'),(62,21,'Temporibus in nostrum explicabo.','Odio facere non consequatur quibusdam suscipit corrupti eos. Tempora recusandae debitis voluptas optio voluptatem quidem. Quidem minus deleniti minima corrupti.',51,'ldjm',0,0,'2015-08-03 20:17:09','2013-10-18 04:39:25'),(63,63,'Dicta nulla nam in blanditiis libero quae numquam adipisci.','Alias et tempora voluptatem facilis recusandae natus natus. Est doloribus nihil velit dicta velit. Ipsa maxime ipsa vel id.',58,'obmh',1,1,'2020-12-06 09:09:19','2012-12-08 16:47:21'),(64,8,'Rerum fuga omnis provident ab.','Ipsum quod doloribus in dicta officia sit at. Id enim quia illum quo ut vel.',14,'unwk',0,1,'2015-02-06 02:48:45','2018-11-27 14:54:51'),(65,77,'Exercitationem non nisi et similique id perferendis.','Qui enim quidem ea cumque quia. Iure aut natus aut ex. Consequuntur molestiae vitae consectetur et mollitia repudiandae corrupti.',76,'ygzs',1,0,'2017-10-18 18:07:46','2014-11-27 03:23:08'),(66,99,'Dolorem dicta et iure accusamus voluptas illo est.','Laborum aut excepturi dolorum sequi accusamus sequi ducimus. Dolor explicabo quia voluptatem cupiditate dignissimos. Assumenda optio beatae ratione.',50,'wcma',1,0,'2020-04-25 14:29:43','2011-10-11 20:59:41'),(67,18,'Iusto perferendis cum sequi perferendis totam veritatis provident.','Velit perspiciatis est ex perferendis. Eveniet voluptatem quos quisquam incidunt et quod. Dolores sit et veniam explicabo laudantium sapiente quia.',62,'uwjl',1,1,'2020-12-21 15:50:54','2013-01-30 02:28:16'),(68,22,'Rem qui dolorem qui delectus earum.','Voluptas laboriosam laborum exercitationem maiores sit voluptates fugiat. Corrupti suscipit sint sed unde ut et doloremque. Inventore et omnis dolore quas debitis.',95,'vwsd',0,1,'2018-12-31 15:32:18','2013-07-27 18:25:32'),(69,57,'Commodi veritatis odio nesciunt.','Eius ducimus omnis omnis consequatur voluptates commodi. Corrupti aut porro in quibusdam. Corrupti et corrupti nam sint omnis. Ducimus asperiores quas omnis qui minima quo.',13,'gcdy',1,0,'2013-12-28 21:17:22','2012-10-21 13:10:32'),(70,82,'Beatae cum laboriosam et minus esse.','Repellendus mollitia dolorem fugit rerum ut. Nulla totam et qui quia. Alias cupiditate voluptatem alias eligendi illum beatae. Aut vel illum atque harum.',31,'gxab',0,0,'2013-01-13 20:46:25','2016-07-01 20:12:40'),(71,83,'Fugiat vero eum et eveniet sint nesciunt.','Quia molestias sed molestiae et. Illum asperiores minima rem et quas consequatur voluptas maiores. Tenetur voluptatem iure deleniti deserunt.',96,'acqa',0,0,'2014-08-12 13:03:31','2017-12-23 19:33:55'),(72,57,'Et eum quo quisquam labore quis culpa.','Nesciunt hic cum sapiente. Voluptas qui iste quisquam.',4,'azqq',1,1,'2012-01-01 19:01:39','2016-09-27 10:56:02'),(73,67,'Non natus doloribus architecto rerum.','Quia error sed nostrum. Molestiae est error et qui. Ut a et nisi sed ut.',54,'lazl',0,0,'2015-07-26 15:49:36','2013-06-18 23:31:14'),(74,1,'Culpa fuga ipsum consequatur eum aut.','Ipsum dolores quas harum illo. Voluptate aut expedita voluptatibus ea. Sit sed provident repellendus facilis voluptas. Autem est dolorum non doloribus nulla distinctio aut.',91,'hqxt',0,1,'2016-08-20 19:31:59','2016-06-16 22:39:38'),(75,27,'Consequatur quia deserunt impedit.','Sint dolores autem et sequi sunt dolor sit magni. Amet culpa consequatur labore nostrum a et. Ipsa beatae repellat perspiciatis.',98,'faja',1,0,'2016-09-24 21:25:29','2014-05-02 14:37:57'),(76,80,'Eum et et expedita.','Velit cumque nesciunt ut quia praesentium. Qui et vel ea laboriosam provident accusantium sit laboriosam. Fuga cum dignissimos libero et culpa eum ipsam. Consectetur qui consequatur voluptatibus nobis sed. Necessitatibus qui temporibus possimus qui.',16,'tpoq',1,0,'2013-08-31 17:22:41','2020-09-21 11:51:18'),(77,76,'Aliquam consequatur non veniam sapiente.','Iusto non eos aut delectus eum blanditiis. Quia consequuntur recusandae vitae veniam. Enim aperiam quam et.',100,'zbnf',0,1,'2012-01-11 14:45:35','2021-05-09 22:50:58'),(78,66,'Cumque necessitatibus culpa voluptate et quia excepturi.','Ut nemo error consequatur ab corrupti nihil dolorem rerum. Eos corrupti eum porro nihil. Rerum mollitia et illo consectetur qui voluptatem.',38,'kcdq',0,1,'2014-09-08 23:09:44','2015-02-23 23:16:13'),(79,58,'Qui asperiores non consequatur quaerat aut sit et.','Ratione eos harum ut necessitatibus ea. Explicabo dolores debitis ullam corrupti omnis qui ratione. Sit voluptates non nihil aut fugiat.',74,'dfzd',0,0,'2016-01-25 16:59:13','2017-07-17 08:28:37'),(80,52,'Velit quia asperiores repellendus qui omnis modi neque.','Praesentium quia beatae quo necessitatibus praesentium. Dolorem assumenda facilis quaerat fugiat dolore minima. Aut numquam dolores corrupti id et ad eligendi nulla.',34,'xdnf',0,1,'2011-07-02 13:47:31','2013-06-08 03:35:00'),(81,49,'Debitis fuga aut assumenda quas dolor.','Nam explicabo repellendus quas inventore dolor perferendis doloribus officia. Harum neque atque nobis ipsam aut ratione minus.',51,'asdw',1,1,'2014-02-18 14:08:06','2013-12-23 01:52:18'),(82,84,'Laboriosam deserunt adipisci officiis labore corporis.','Consequuntur autem veritatis nulla et rerum consequuntur eaque. Sunt accusantium voluptatem facere. Dolores error dolorum quas nihil eum quibusdam qui quia. Dolorum explicabo quia labore laboriosam ratione.',67,'sfjg',0,1,'2016-05-04 19:01:14','2017-05-09 07:48:13'),(83,12,'Sed eos praesentium aliquid et at.','Ea earum error sapiente dolore provident. Rerum cum nisi corrupti velit praesentium. Eveniet fugiat fuga ullam. Voluptas consequuntur ullam a rem. Atque nulla reprehenderit reiciendis perspiciatis quo deleniti.',5,'kxvu',1,0,'2020-08-02 18:36:09','2017-11-15 06:35:55'),(84,61,'Odit soluta aut temporibus quo eum et eveniet sit.','Veniam illo explicabo fugiat adipisci. Eligendi ut et repellendus vero qui nihil. Aut omnis quis incidunt.',68,'zgqv',1,0,'2011-12-19 23:18:20','2013-02-16 21:53:19'),(85,17,'Sit odit consectetur minus aliquam.','Itaque excepturi distinctio facere et. Et consequuntur suscipit quaerat qui autem est. Culpa laborum beatae soluta est minus.',42,'wucv',0,1,'2019-03-10 00:59:01','2020-09-24 18:26:52'),(86,98,'Mollitia tempore deserunt tenetur pariatur temporibus nihil numquam.','Impedit dolorem quaerat ut assumenda enim labore dolor. Expedita sit consequatur assumenda minima. Voluptate repellendus unde consectetur aliquid nihil. Porro reiciendis explicabo quo possimus doloremque quam odio quos.',100,'yxcf',1,0,'2015-02-02 10:10:38','2016-09-28 00:07:38'),(87,38,'Officia impedit et qui omnis consequuntur ut.','Perspiciatis facilis hic temporibus voluptas dolores nesciunt commodi. Provident voluptate error assumenda occaecati ullam. Tenetur sunt corporis eligendi et harum sint eos ut. Veritatis alias natus magni reprehenderit.',54,'xvur',1,0,'2020-05-22 23:18:43','2011-09-24 10:07:46'),(88,3,'Minus et et officia explicabo quae velit.','Eaque voluptatem laboriosam consequatur et inventore. Repudiandae id ut sed voluptatibus velit repellendus qui nostrum. Sunt explicabo nam fugit eligendi atque quisquam unde.',4,'ogbi',1,1,'2017-02-10 08:57:36','2017-05-13 09:16:34'),(89,8,'Fugiat laboriosam et officiis ut quasi error nisi.','Alias voluptatem deserunt perspiciatis voluptatum vel dolor id id. Expedita corrupti optio consectetur velit. Amet repellendus labore commodi accusantium. Dolores consectetur voluptatum cumque nihil modi iste aliquam.',3,'zubs',1,1,'2015-07-11 19:45:28','2017-11-01 13:34:31'),(90,95,'Tenetur dignissimos magni autem ut doloribus voluptatem.','Eum in accusantium libero sint. Autem ipsum velit et voluptate aut. Et est consequuntur ea sequi est sapiente sed.',34,'pxbp',1,1,'2014-02-16 14:00:38','2015-04-22 21:18:13'),(91,100,'Et facilis quas voluptatum dolorem veniam modi.','Qui rerum omnis dolorum molestias rem autem rem. Doloremque est ut dolorem impedit. Et ad excepturi quia totam autem.',74,'stok',1,0,'2013-09-16 16:07:47','2013-05-04 11:18:58'),(92,50,'Animi quo deserunt ab.','Nihil illo fuga quis nobis deleniti. Ratione quam dolor veritatis qui qui perspiciatis placeat. Voluptatem dignissimos unde cumque quia. Quidem quis ab molestiae ab in. Blanditiis sunt reiciendis enim porro voluptatum fugit nulla.',76,'nafm',1,0,'2012-08-21 02:02:16','2017-03-25 17:06:37'),(93,74,'Incidunt reprehenderit pariatur vel ullam sit vel non aperiam.','Odio error voluptatem sit soluta minima est dolores. Expedita quis mollitia non omnis unde. Nostrum quia tempora iusto sit mollitia. Quibusdam a ut et fugit aliquam libero. Dolore animi sint ut iusto.',15,'jxad',0,1,'2015-09-09 12:45:19','2020-06-03 05:55:34'),(94,13,'Quia earum veniam culpa consequatur est ad.','Voluptatem doloribus minima vero et animi odit. Exercitationem itaque et non magnam. Quia ut neque quidem labore quas non dolore.',32,'nrkf',0,1,'2017-02-06 00:37:39','2019-05-22 23:51:34'),(95,89,'Hic asperiores cumque enim consequuntur at aut soluta.','Magni quidem occaecati non quasi sit in recusandae. Architecto blanditiis beatae dolorem magnam praesentium tenetur voluptatem. Possimus et sit aut cum illum cum.',65,'pztx',1,0,'2012-09-26 21:34:02','2020-04-26 10:28:00'),(96,65,'Aut dignissimos asperiores dicta adipisci eligendi voluptatem iste.','Quis excepturi ut quia. Sed accusamus eos est provident magni corporis. Omnis laboriosam vel fuga autem voluptas. Numquam quidem quibusdam distinctio. Dicta dignissimos omnis voluptatibus placeat non libero eius.',38,'rsyu',1,1,'2018-11-28 14:07:42','2019-01-20 15:53:57'),(97,15,'Molestiae possimus deserunt ab eveniet omnis consequatur magnam.','Dicta mollitia esse cum dolorem. Eveniet perferendis repellendus ex delectus iusto quibusdam. Beatae et quo qui ipsam maxime molestiae.',48,'gxlk',1,0,'2012-05-26 05:23:56','2011-09-03 11:44:35'),(98,4,'Sit quia aut minus voluptatem doloremque.','Et nam recusandae voluptas repudiandae voluptates. Earum sunt consequatur quaerat est rem cupiditate reiciendis. Ut atque et ullam praesentium. Voluptatem culpa iure ut aut sapiente atque eveniet.',27,'vmnw',0,1,'2018-08-23 19:50:05','2012-11-19 05:20:25'),(99,53,'Sit sapiente voluptatem saepe in sit laudantium aut.','Sed a quia libero. Eligendi dolores pariatur asperiores. Quos impedit eaque quidem. Dignissimos culpa odio ut nesciunt sed.',64,'pbad',1,0,'2017-06-24 19:06:58','2011-12-30 15:37:00'),(100,95,'Molestiae quos dicta velit soluta ut ad possimus.','Doloribus blanditiis omnis voluptatem adipisci tempore porro. Itaque alias dolor voluptate et sunt consequatur et. Vitae ipsa eos voluptatem quibusdam. Harum eos cupiditate ut est voluptatem ipsa eveniet.',70,'natm',1,0,'2020-08-06 04:46:33','2021-04-15 07:31:04');
/*!40000 ALTER TABLE `posts` ENABLE KEYS */;
UNLOCK TABLES;

--
-- Table structure for table `profiles`
--

DROP TABLE IF EXISTS `profiles`;
/*!40101 SET @saved_cs_client     = @@character_set_client */;
/*!50503 SET character_set_client = utf8mb4 */;
CREATE TABLE `profiles` (
  `id` bigint unsigned NOT NULL AUTO_INCREMENT,
  `user_id` bigint unsigned DEFAULT NULL,
  `company_id` bigint unsigned DEFAULT NULL,
  `email` varchar(100) CHARACTER SET utf8mb4 COLLATE utf8mb4_unicode_ci NOT NULL COMMENT 'Почта',
  `rating` double(16,1) DEFAULT '0.0' COMMENT 'рейтинг расчитывается на по карме и количество постов ',
  `confirmed_at` datetime DEFAULT CURRENT_TIMESTAMP,
  `created_at` datetime DEFAULT CURRENT_TIMESTAMP,
  `edited_at` datetime DEFAULT CURRENT_TIMESTAMP ON UPDATE CURRENT_TIMESTAMP,
  PRIMARY KEY (`id`),
  UNIQUE KEY `email` (`email`),
  KEY `profiles_type_id_fk` (`user_id`),
  KEY `profiles_company_id_fk` (`company_id`),
  CONSTRAINT `profiles_company_id_fk` FOREIGN KEY (`company_id`) REFERENCES `company` (`id`) ON DELETE CASCADE,
  CONSTRAINT `profiles_type_id_fk` FOREIGN KEY (`user_id`) REFERENCES `users` (`id`) ON DELETE CASCADE
) ENGINE=InnoDB AUTO_INCREMENT=101 DEFAULT CHARSET=utf8mb4 COLLATE=utf8mb4_unicode_ci;
/*!40101 SET character_set_client = @saved_cs_client */;

--
-- Dumping data for table `profiles`
--

LOCK TABLES `profiles` WRITE;
/*!40000 ALTER TABLE `profiles` DISABLE KEYS */;
INSERT INTO `profiles` VALUES (1,20,93,'fbahringer@example.com',6.0,'2019-08-18 12:18:29','2012-12-04 00:47:48','2015-07-13 17:45:15'),(2,35,25,'conrad.lowe@example.net',5.0,'2016-08-03 22:25:37','2018-05-04 21:26:36','2016-10-15 21:47:16'),(3,70,46,'umorissette@example.net',8.0,'2012-11-01 00:23:19','2018-10-12 20:01:45','2019-08-02 21:23:26'),(4,70,22,'gwill@example.net',58264.0,'2016-09-06 03:10:53','2017-05-08 23:04:18','2019-08-04 04:36:29'),(5,31,14,'enid.parker@example.org',76.0,'2011-12-23 05:36:39','2012-02-25 13:48:42','2016-04-07 16:10:36'),(6,80,22,'soledad.o\'connell@example.com',7.0,'2021-01-11 11:34:16','2011-09-09 07:36:53','2017-11-16 04:53:42'),(7,65,98,'ckoch@example.com',4432886.0,'2014-10-30 17:31:31','2014-11-06 18:46:01','2014-03-12 04:40:41'),(8,18,94,'king.khalil@example.net',6.0,'2020-04-10 08:36:12','2014-11-29 10:15:04','2019-10-19 01:03:30'),(9,61,98,'narmstrong@example.net',89637.0,'2020-12-12 01:29:59','2019-09-19 08:23:57','2013-02-24 19:43:26'),(10,74,66,'theo30@example.org',8580.0,'2013-07-17 11:19:39','2017-06-30 17:32:35','2019-01-07 20:09:55'),(11,12,12,'may58@example.com',8975.0,'2015-02-12 03:51:28','2020-07-27 23:49:30','2018-02-12 01:58:38'),(12,36,14,'kilback.gino@example.com',4.0,'2019-04-26 17:10:46','2016-01-08 00:44:50','2015-01-16 09:31:55'),(13,59,42,'lamar.lehner@example.net',68249.0,'2013-07-02 01:54:06','2017-05-05 04:35:52','2018-10-06 11:11:36'),(14,72,66,'kim.bayer@example.net',2254084.0,'2018-09-01 21:52:08','2015-04-24 19:49:47','2014-08-09 13:30:53'),(15,86,25,'schumm.duncan@example.com',448.0,'2011-09-08 13:02:54','2015-04-22 05:13:49','2020-03-01 17:12:26'),(16,72,6,'daren17@example.net',2832.0,'2014-06-06 13:49:43','2016-10-03 20:33:43','2016-03-13 06:12:18'),(17,18,6,'nmitchell@example.net',860301.0,'2016-02-07 17:59:22','2015-12-30 15:58:46','2013-01-08 04:18:05'),(18,30,88,'francesca61@example.org',857236.0,'2017-02-14 05:27:37','2011-12-31 00:02:54','2021-05-20 02:36:02'),(19,52,100,'hans88@example.net',694.0,'2014-11-30 18:32:10','2013-12-13 20:58:12','2016-02-11 15:53:06'),(20,10,83,'frederik.donnelly@example.org',456.0,'2011-06-27 17:26:35','2019-11-18 17:31:37','2015-05-21 17:00:28'),(21,13,89,'laurel17@example.org',0.0,'2012-05-15 15:10:59','2019-06-25 00:17:55','2018-03-08 03:56:04'),(22,4,78,'cole77@example.org',520.0,'2014-09-15 07:41:22','2019-08-30 16:40:07','2015-12-02 17:47:03'),(23,87,22,'gene03@example.net',773.0,'2013-02-24 13:56:55','2014-10-29 05:29:04','2020-01-18 02:26:30'),(24,71,47,'eva.grimes@example.com',0.0,'2019-04-24 00:54:44','2012-07-12 12:57:00','2018-01-04 00:20:06'),(25,20,45,'xmoen@example.net',656309.0,'2013-07-01 18:45:11','2020-08-16 22:19:50','2019-07-18 07:11:56'),(26,13,32,'angelica20@example.net',1375360.0,'2014-01-10 21:41:01','2017-06-07 03:42:53','2017-06-03 06:14:16'),(27,56,48,'uschmitt@example.com',376034768.0,'2019-07-07 17:33:07','2019-06-01 10:06:39','2018-12-08 10:23:34'),(28,45,14,'pruecker@example.com',656.0,'2011-08-21 14:12:38','2011-08-29 22:38:39','2014-09-23 06:48:45'),(29,90,17,'halvorson.molly@example.com',31653.0,'2018-12-13 08:43:56','2015-12-23 17:09:12','2015-07-09 06:28:29'),(30,79,75,'davis.bette@example.net',0.0,'2020-02-19 05:47:11','2013-01-14 08:36:42','2015-07-30 16:07:35'),(31,41,50,'rbechtelar@example.org',220553.0,'2015-07-16 02:41:45','2012-11-26 14:19:11','2012-05-05 16:34:03'),(32,80,59,'branson.hirthe@example.net',92134.0,'2014-06-07 14:36:38','2019-01-05 12:20:38','2015-08-05 00:07:26'),(33,56,10,'oleta11@example.net',36324354.0,'2015-04-03 13:12:13','2016-01-28 17:01:34','2015-10-02 09:05:30'),(34,46,7,'mgoldner@example.org',700262.0,'2013-03-12 19:47:20','2020-05-02 06:08:32','2018-07-05 21:47:28'),(35,9,55,'auer.julianne@example.com',59322525.0,'2017-11-16 03:45:43','2012-10-04 06:31:50','2012-09-24 09:47:17'),(36,90,22,'martin40@example.com',431763.0,'2018-03-14 08:37:22','2016-12-12 22:55:04','2020-06-17 02:33:21'),(37,44,93,'upollich@example.org',28.0,'2014-11-23 11:08:42','2014-11-15 17:18:39','2012-03-05 21:39:59'),(38,100,30,'kaylah63@example.org',2.0,'2017-10-18 15:42:24','2013-04-04 22:04:05','2019-08-02 19:35:07'),(39,15,70,'vlueilwitz@example.org',0.0,'2014-04-30 19:59:17','2019-11-25 05:54:21','2012-08-02 10:50:21'),(40,77,34,'kattie.lang@example.net',4553.0,'2019-04-04 02:21:15','2015-11-22 04:02:08','2012-06-12 15:18:58'),(41,14,89,'noemie14@example.net',29.0,'2015-08-31 16:52:55','2019-03-22 01:46:06','2017-02-18 14:52:39'),(42,65,69,'hermiston.darrion@example.org',513902439.0,'2015-07-15 13:20:44','2011-06-04 21:32:48','2015-07-02 13:40:54'),(43,37,10,'eileen98@example.org',590883.0,'2012-07-24 07:20:25','2012-06-06 04:31:09','2019-10-03 13:55:16'),(44,83,26,'moises.harber@example.org',33.0,'2021-02-17 19:37:10','2015-01-18 08:20:56','2014-05-12 22:26:47'),(45,26,61,'weston48@example.com',68633664.0,'2015-02-21 08:26:47','2017-05-26 14:24:46','2018-12-29 01:19:44'),(46,1,67,'o\'keefe.deon@example.org',79871585.0,'2013-10-03 22:06:42','2018-07-06 03:02:41','2014-04-10 18:20:29'),(47,11,80,'lambert04@example.org',3423.0,'2020-03-06 02:21:04','2021-01-23 20:42:00','2018-06-13 23:31:38'),(48,25,66,'felicita03@example.org',0.0,'2011-08-05 13:52:54','2019-12-28 17:57:28','2019-09-27 16:38:03'),(49,90,70,'antone60@example.org',6822383.0,'2019-01-19 15:32:10','2015-01-29 12:46:32','2016-03-19 14:45:07'),(50,73,99,'elyssa.barton@example.com',26256.0,'2016-12-01 20:07:36','2017-08-05 16:49:59','2011-10-12 03:10:04'),(51,25,62,'njenkins@example.net',23259678.0,'2018-12-19 09:57:25','2020-04-13 14:13:39','2021-05-25 02:47:04'),(52,21,69,'valentine81@example.net',96166.0,'2020-10-31 02:50:14','2020-07-22 10:00:26','2014-08-30 08:35:22'),(53,55,20,'mireya76@example.net',995264.0,'2013-10-11 19:51:37','2021-03-24 05:41:39','2020-01-10 13:51:58'),(54,98,70,'yromaguera@example.com',0.0,'2015-06-30 20:17:01','2015-12-23 00:50:18','2019-01-04 13:04:56'),(55,89,75,'pearline71@example.net',680233532.0,'2013-09-14 08:52:12','2018-07-30 19:10:05','2020-03-06 01:46:10'),(56,4,3,'rritchie@example.net',868512599.0,'2015-01-03 19:41:31','2020-02-28 00:21:00','2019-08-05 23:55:31'),(57,63,69,'franecki.lamar@example.net',75809.0,'2016-08-16 16:04:46','2013-05-17 16:33:01','2018-01-17 23:38:40'),(58,71,99,'zelda70@example.org',0.0,'2012-05-29 21:22:35','2019-12-20 02:10:24','2019-04-17 09:58:40'),(59,78,53,'allie23@example.net',30.0,'2013-08-18 00:20:35','2016-05-14 15:48:48','2013-10-05 04:52:15'),(60,25,3,'jacklyn.schowalter@example.org',0.0,'2014-02-06 06:30:25','2012-12-20 18:02:19','2020-08-06 20:15:35'),(61,14,25,'bayer.caterina@example.com',456031.0,'2019-02-21 10:29:00','2017-05-13 03:45:45','2018-09-14 12:07:58'),(62,69,24,'zboncak.roman@example.org',36.0,'2019-10-01 01:20:17','2017-11-15 09:03:05','2018-02-06 03:37:20'),(63,5,94,'mmueller@example.org',40.0,'2019-12-11 04:59:07','2021-01-18 12:55:22','2015-09-26 03:00:53'),(64,90,94,'webster25@example.net',24559.0,'2013-11-12 06:32:31','2019-02-19 15:50:45','2014-05-12 19:12:27'),(65,63,63,'jermaine65@example.com',13.0,'2021-05-03 14:39:43','2013-04-23 16:23:05','2016-10-06 12:04:00'),(66,92,88,'robbie23@example.org',97346372.0,'2011-06-30 20:33:43','2019-04-13 22:57:48','2019-02-08 02:07:17'),(67,25,12,'zulauf.murphy@example.org',2824.0,'2017-11-21 23:30:24','2020-02-24 02:39:09','2014-03-20 12:47:53'),(68,56,80,'leilani61@example.org',511123873.0,'2015-02-18 14:10:39','2014-10-11 06:03:46','2015-03-26 01:51:01'),(69,32,54,'mbrown@example.org',65909936.0,'2017-11-24 16:15:56','2011-11-05 03:04:29','2017-02-05 06:05:56'),(70,49,20,'ida.lakin@example.org',2588833.0,'2018-12-24 10:43:06','2015-07-05 03:22:20','2017-02-10 15:46:23'),(71,28,52,'abigale88@example.org',7.0,'2012-04-03 07:41:00','2013-03-11 02:49:23','2015-03-16 18:13:02'),(72,22,91,'raynor.assunta@example.org',0.0,'2016-01-06 05:41:21','2014-11-25 11:40:53','2015-02-01 11:48:12'),(73,21,93,'herzog.antoinette@example.net',0.0,'2019-08-03 10:39:07','2020-03-23 01:54:40','2015-11-09 12:00:42'),(74,90,98,'ifeest@example.com',643.0,'2015-08-24 09:18:33','2014-12-23 16:40:55','2019-02-05 14:07:30'),(75,46,14,'zora.wolff@example.com',25974.0,'2012-06-21 20:52:41','2012-03-30 23:27:44','2013-07-22 00:44:49'),(76,1,59,'justus91@example.net',664831602.0,'2020-08-27 20:16:23','2012-04-02 16:14:00','2014-03-31 02:26:09'),(77,38,69,'louisa.cruickshank@example.net',8223941.0,'2014-01-19 12:49:44','2021-05-27 13:07:37','2013-04-26 21:00:36'),(78,83,42,'seth.lakin@example.com',0.0,'2013-02-17 05:21:40','2018-10-20 08:08:00','2019-07-24 10:30:49'),(79,62,73,'hattie26@example.net',56895871.0,'2018-03-11 19:32:13','2020-07-01 17:23:04','2016-03-04 15:17:17'),(80,36,25,'urau@example.com',7.0,'2017-05-24 20:03:37','2013-07-30 12:24:34','2011-09-18 21:39:27'),(81,36,28,'marion.mohr@example.net',86228974.0,'2011-11-09 04:35:42','2020-02-23 11:26:24','2014-09-04 08:11:04'),(82,13,60,'zachariah.friesen@example.net',9653.0,'2015-02-09 20:54:49','2020-06-28 13:21:35','2020-04-05 14:02:30'),(83,40,69,'marguerite.gorczany@example.net',1.0,'2021-05-20 17:20:41','2013-07-04 03:55:11','2019-02-01 08:34:08'),(84,39,71,'rippin.erling@example.net',14012.0,'2018-04-10 19:03:06','2017-02-24 20:16:50','2018-08-08 08:18:30'),(85,23,88,'gail.wyman@example.net',961.0,'2016-08-22 11:49:25','2012-10-25 12:18:13','2015-03-23 03:30:26'),(86,91,50,'jacobs.anissa@example.com',81931.0,'2014-12-25 12:21:16','2020-07-08 10:32:13','2017-05-31 22:54:49'),(87,40,12,'adriana39@example.com',7348.0,'2016-02-26 16:36:54','2015-01-25 10:07:25','2012-09-07 02:26:06'),(88,41,60,'gulgowski.hertha@example.com',261.0,'2019-02-12 23:52:46','2021-03-03 22:37:22','2019-11-28 12:27:55'),(89,5,30,'mae59@example.net',1071594.0,'2013-11-29 11:18:17','2020-10-15 11:08:27','2014-09-19 00:27:56'),(90,58,50,'purdy.bill@example.org',4354719.0,'2018-02-21 15:24:11','2013-05-04 01:17:25','2017-12-02 18:28:39'),(91,43,58,'glen.sporer@example.com',997483.0,'2013-05-31 18:13:37','2015-03-20 00:31:03','2011-10-07 20:03:10'),(92,9,81,'eliane.frami@example.com',0.0,'2017-07-28 16:44:02','2020-12-01 22:02:31','2020-08-08 15:26:47'),(93,27,92,'weber.keaton@example.com',9969391.0,'2020-05-11 15:50:28','2012-11-30 04:12:31','2017-11-04 00:32:23'),(94,23,89,'micheal.stanton@example.com',75393378.0,'2016-12-09 14:28:28','2015-04-18 07:32:25','2015-02-15 21:28:09'),(95,64,59,'roy.auer@example.org',4511.0,'2011-08-02 23:30:13','2012-02-17 16:26:04','2013-07-31 08:01:08'),(96,14,99,'randall79@example.net',61.0,'2017-10-10 15:39:55','2019-03-17 14:06:27','2017-06-18 09:37:51'),(97,86,26,'hattie90@example.org',46088.0,'2018-09-22 04:44:46','2012-03-27 05:40:26','2018-04-29 16:24:49'),(98,59,25,'anahi17@example.net',192359.0,'2013-04-18 15:48:17','2018-04-15 15:11:30','2013-05-11 19:18:50'),(99,95,97,'gruecker@example.net',95.0,'2014-08-19 11:16:17','2013-02-05 00:32:32','2012-05-01 23:29:51'),(100,96,17,'dziemann@example.org',960612.0,'2020-05-09 23:42:24','2015-01-25 07:01:10','2014-11-27 17:26:45');
/*!40000 ALTER TABLE `profiles` ENABLE KEYS */;
UNLOCK TABLES;

--
-- Table structure for table `subscriptions`
--

DROP TABLE IF EXISTS `subscriptions`;
/*!40101 SET @saved_cs_client     = @@character_set_client */;
/*!50503 SET character_set_client = utf8mb4 */;
CREATE TABLE `subscriptions` (
  `subscriptions_id` bigint unsigned DEFAULT NULL,
  `subscribers_id` bigint unsigned DEFAULT NULL,
  `created_at` datetime DEFAULT CURRENT_TIMESTAMP,
  `edited_at` datetime DEFAULT CURRENT_TIMESTAMP ON UPDATE CURRENT_TIMESTAMP,
  KEY `subscriptions_subscribers_id_fk` (`subscribers_id`),
  KEY `subscriptions_subscriptions_id_fk` (`subscriptions_id`),
  CONSTRAINT `subscriptions_subscribers_id_fk` FOREIGN KEY (`subscribers_id`) REFERENCES `users` (`id`) ON DELETE CASCADE,
  CONSTRAINT `subscriptions_subscriptions_id_fk` FOREIGN KEY (`subscriptions_id`) REFERENCES `users` (`id`) ON DELETE CASCADE
) ENGINE=InnoDB DEFAULT CHARSET=utf8mb4 COLLATE=utf8mb4_unicode_ci;
/*!40101 SET character_set_client = @saved_cs_client */;

--
-- Dumping data for table `subscriptions`
--

LOCK TABLES `subscriptions` WRITE;
/*!40000 ALTER TABLE `subscriptions` DISABLE KEYS */;
INSERT INTO `subscriptions` VALUES (38,96,'2015-05-06 11:34:04','2012-08-02 23:22:38'),(78,26,'2011-09-21 02:26:19','2018-07-13 05:27:41'),(100,32,'2013-07-20 01:18:36','2018-10-03 12:29:36'),(90,69,'2017-08-22 19:54:40','2018-09-07 01:28:42'),(97,70,'2014-11-24 07:45:16','2016-01-05 03:46:35'),(83,42,'2014-08-24 16:54:32','2014-09-19 09:40:30'),(19,36,'2015-02-21 00:48:22','2012-07-30 15:19:05'),(6,62,'2017-03-01 23:54:03','2011-06-24 21:04:13'),(85,76,'2020-06-21 17:54:18','2020-11-10 06:55:43'),(36,9,'2020-03-08 02:56:13','2019-08-04 00:59:05'),(92,32,'2016-11-28 01:22:13','2015-04-24 05:32:11'),(37,38,'2016-05-17 08:23:17','2014-05-01 05:22:08'),(11,50,'2017-06-26 10:41:54','2015-08-01 21:15:33'),(52,10,'2016-07-26 11:07:57','2020-12-02 12:22:05'),(12,59,'2013-11-09 00:21:01','2012-03-19 15:31:23'),(4,49,'2018-06-11 04:44:21','2017-05-27 16:55:48'),(54,81,'2015-12-02 15:37:00','2015-12-14 10:52:17'),(74,53,'2019-05-10 19:02:56','2021-05-09 17:01:32'),(13,64,'2016-04-20 17:35:03','2017-07-23 21:18:08'),(22,10,'2014-12-22 17:27:32','2012-10-04 12:47:17'),(34,5,'2015-02-24 04:18:02','2017-04-21 17:16:03'),(52,52,'2015-03-12 17:50:25','2018-12-10 16:29:59'),(40,57,'2013-05-04 15:32:55','2014-04-05 01:07:13'),(14,25,'2013-03-06 22:40:34','2021-01-01 08:47:07'),(33,50,'2020-12-30 01:23:46','2013-01-23 20:31:05'),(33,24,'2019-03-07 09:04:11','2013-12-23 19:25:27'),(81,70,'2017-04-08 09:27:26','2016-11-05 23:30:14'),(62,92,'2015-04-22 16:58:57','2015-01-19 11:25:07'),(19,13,'2020-12-09 20:40:35','2017-12-27 10:00:24'),(1,30,'2016-05-10 15:59:11','2019-05-29 21:35:26'),(71,5,'2019-05-14 13:16:25','2019-10-20 14:56:41'),(79,25,'2011-09-27 12:54:52','2016-09-24 20:48:00'),(86,52,'2021-01-25 11:54:14','2018-10-16 16:20:37'),(78,98,'2013-07-22 02:17:18','2020-03-14 01:47:06'),(16,99,'2020-02-26 06:33:48','2012-10-20 10:00:01'),(8,49,'2013-10-05 15:01:11','2014-10-28 02:10:34'),(4,59,'2012-06-06 12:08:52','2018-09-29 06:05:20'),(1,44,'2013-10-10 08:23:16','2015-08-05 01:15:04'),(15,15,'2019-02-19 00:27:04','2013-10-09 20:52:39'),(68,47,'2011-09-19 01:38:34','2013-11-09 20:18:07'),(64,100,'2011-12-19 13:29:59','2016-03-24 13:30:46'),(71,44,'2017-04-13 03:44:07','2017-09-02 00:58:21'),(69,32,'2014-04-01 11:41:48','2017-06-18 08:14:08'),(35,87,'2017-08-20 05:34:35','2012-07-31 01:39:58'),(44,36,'2019-03-07 05:00:47','2014-06-28 21:48:56'),(17,15,'2011-12-15 22:57:04','2019-09-03 09:16:52'),(41,95,'2015-09-22 10:03:10','2019-03-30 06:13:35'),(39,26,'2013-12-19 06:53:15','2016-11-18 15:30:59'),(47,16,'2012-02-27 08:10:49','2012-11-06 10:43:44'),(24,62,'2015-06-23 00:53:02','2017-07-28 08:22:58'),(15,31,'2012-10-08 06:55:04','2014-05-30 14:50:39'),(11,19,'2015-03-14 16:46:18','2016-11-28 02:33:08'),(89,11,'2017-08-06 10:20:25','2019-09-15 18:57:23'),(62,4,'2012-01-07 03:53:54','2012-12-26 19:25:59'),(25,29,'2014-05-10 04:20:28','2016-07-21 03:34:59'),(51,89,'2020-01-21 00:38:49','2018-09-22 09:23:28'),(28,21,'2013-07-19 18:29:26','2015-04-12 20:48:52'),(32,97,'2013-03-10 11:08:26','2011-08-04 13:47:35'),(53,67,'2020-11-17 08:55:33','2015-04-09 18:54:28'),(84,97,'2015-11-10 13:07:58','2019-02-08 15:39:30'),(3,100,'2021-03-09 15:37:17','2017-05-12 15:19:18'),(11,43,'2015-04-04 02:43:12','2013-05-18 01:36:27'),(94,50,'2011-11-25 19:57:06','2016-04-02 02:22:17'),(68,41,'2012-12-31 21:17:34','2021-05-24 13:13:46'),(66,91,'2016-11-12 23:51:34','2019-10-22 06:38:11'),(3,81,'2013-07-25 11:25:47','2016-06-26 08:27:55'),(22,13,'2019-04-23 15:12:05','2018-12-24 15:27:36'),(99,10,'2016-09-30 04:40:53','2015-10-22 13:45:18'),(24,60,'2015-01-16 05:15:02','2017-01-11 09:31:42'),(14,49,'2015-10-24 15:20:03','2012-08-01 21:32:54'),(89,64,'2018-04-20 09:32:14','2020-10-15 05:51:47'),(37,16,'2016-02-23 07:43:36','2020-10-15 00:31:37'),(85,69,'2012-07-26 18:41:53','2016-03-01 03:46:51'),(13,37,'2012-06-11 08:21:34','2014-08-31 07:14:19'),(36,96,'2011-11-07 08:01:00','2012-03-26 14:28:59'),(33,38,'2016-11-30 03:44:12','2012-09-20 16:16:35'),(95,44,'2014-02-04 15:06:53','2016-06-06 06:15:26'),(80,89,'2019-11-25 02:18:23','2017-12-04 10:39:44'),(94,48,'2014-05-29 15:12:11','2019-05-06 22:13:22'),(29,60,'2012-07-20 14:14:06','2013-08-18 22:31:54'),(39,31,'2016-02-27 23:12:41','2020-04-12 19:35:22'),(40,60,'2016-02-13 17:54:43','2018-05-13 03:12:09'),(44,39,'2020-09-02 20:21:32','2016-09-11 04:19:32'),(70,68,'2018-01-20 15:44:22','2015-01-14 01:30:18'),(99,83,'2020-12-30 07:28:21','2019-12-23 06:58:45'),(16,87,'2011-08-11 00:58:35','2016-05-13 10:44:15'),(47,53,'2017-04-08 06:32:51','2017-05-18 12:58:06'),(3,31,'2016-06-18 03:19:32','2016-09-30 08:08:26'),(21,15,'2015-01-08 14:48:44','2019-09-10 12:00:51'),(67,56,'2013-09-22 17:19:06','2014-10-29 04:07:30'),(11,100,'2018-12-22 23:31:20','2012-08-25 03:20:24'),(94,5,'2014-09-08 08:08:26','2013-01-10 01:19:46'),(43,74,'2018-04-25 10:52:10','2012-02-16 07:46:14'),(94,37,'2020-12-21 17:28:54','2021-03-04 04:32:46'),(22,22,'2017-05-21 22:43:29','2013-07-23 23:05:23'),(96,60,'2021-01-22 07:14:33','2016-12-10 22:42:59'),(53,35,'2014-04-26 02:27:23','2013-08-21 01:15:30'),(20,97,'2019-10-28 12:42:31','2013-03-06 12:13:37'),(74,90,'2017-09-06 07:50:45','2016-10-14 05:26:09'),(64,73,'2019-01-06 17:11:49','2018-02-07 06:14:03');
/*!40000 ALTER TABLE `subscriptions` ENABLE KEYS */;
UNLOCK TABLES;

--
-- Table structure for table `users`
--

DROP TABLE IF EXISTS `users`;
/*!40101 SET @saved_cs_client     = @@character_set_client */;
/*!50503 SET character_set_client = utf8mb4 */;
CREATE TABLE `users` (
  `id` bigint unsigned NOT NULL AUTO_INCREMENT,
  `login` varchar(50) CHARACTER SET utf8mb4 COLLATE utf8mb4_unicode_ci NOT NULL COMMENT 'login',
  `passwords` varchar(50) CHARACTER SET utf8mb4 COLLATE utf8mb4_unicode_ci NOT NULL COMMENT 'PASSWORD',
  `created_at` datetime DEFAULT CURRENT_TIMESTAMP,
  `edited_at` datetime DEFAULT CURRENT_TIMESTAMP ON UPDATE CURRENT_TIMESTAMP,
  PRIMARY KEY (`id`)
) ENGINE=InnoDB AUTO_INCREMENT=101 DEFAULT CHARSET=utf8mb4 COLLATE=utf8mb4_unicode_ci;
/*!40101 SET character_set_client = @saved_cs_client */;

--
-- Dumping data for table `users`
--

LOCK TABLES `users` WRITE;
/*!40000 ALTER TABLE `users` DISABLE KEYS */;
INSERT INTO `users` VALUES (1,'cdfs','594d5e490e56c5d27cdf22dd66b227c1fe559045','2011-09-26 15:31:14','2021-01-31 20:07:48'),(2,'blmm','8fc742739f729d89465053bc4372b18930ac2f03','2017-08-14 01:59:35','2012-11-08 07:34:29'),(3,'askb','1abb01de186de3aa030f9b47121a0a8b1d7b2270','2018-02-19 00:42:14','2014-11-29 14:46:38'),(4,'cbid','fca1547ae34159fc872a9e026ed8de344e7f4c08','2017-06-17 04:18:45','2019-06-13 10:08:15'),(5,'tjzz','b1f8d2854e7baeae2cfcaec76490d376707e738f','2019-06-12 10:49:23','2020-04-28 15:33:18'),(6,'psyz','37b8598d759492ceb03c8d0d29d98f29b3f7bcb4','2014-01-23 19:14:55','2016-02-19 02:20:07'),(7,'hgbu','8af462aab39a218b063441e7e2227a209f65dd36','2015-07-20 11:05:59','2014-05-27 00:50:15'),(8,'rfuy','029c8b3fc3ef624f4e2054bbf45e8b2b2b439ead','2016-12-10 02:12:16','2021-02-25 03:10:50'),(9,'dhkc','0106af5dcc5ceb0d8222fe84da8fb8f8c9ac9041','2013-02-10 19:53:18','2014-08-20 23:46:23'),(10,'fbfz','68329f8cff877b970c2f8b4f681a56b26bc78261','2012-08-11 03:07:35','2011-06-29 03:38:23'),(11,'mcef','29e8b3945d86b932550d70be7e8742e397d8a987','2012-10-03 19:32:37','2018-09-29 13:41:24'),(12,'lofq','5dc6934daee472638a10127a07370da1a2350783','2019-10-05 20:32:44','2013-03-10 23:58:20'),(13,'vfmk','cfec1880cc3955354c3f4f06d4043f53959fd8d8','2015-01-12 08:38:34','2012-04-07 05:24:11'),(14,'xppw','cff84b05b6cdfdc5391fa7b863b1194ac649832f','2013-04-18 08:40:29','2014-12-12 06:01:08'),(15,'iscg','1f70a0adcd44210b7ff84aab22d27adeeef7199a','2014-09-09 22:41:20','2011-06-19 01:43:12'),(16,'oiuw','7d62f7626f0f3cebde8c23d9eacd30d70e151722','2019-06-14 14:13:39','2011-07-11 07:36:02'),(17,'jyvp','3a20f2ac289c81b04125be85cc72d6f2e594559c','2020-03-21 10:02:07','2013-08-24 09:05:48'),(18,'ajer','3c0acc2b6910ccd020779e90f923115eee92a752','2017-10-07 06:58:27','2014-09-19 23:05:31'),(19,'qahn','98c7675bc489c5c029751ddc527d3db0d94d432a','2019-10-28 22:38:04','2017-09-15 12:34:43'),(20,'bogu','e54d2561f9925243125a0c975763341b00287308','2021-03-07 20:10:44','2011-08-06 20:19:24'),(21,'aezi','65ce5c796ed8a3a440bf98dac7688a292cfc42ec','2018-02-16 14:36:58','2016-07-31 12:06:29'),(22,'oium','4eaba7222c630fa4e1df2e537b553eebca783562','2018-04-29 11:25:56','2012-10-15 09:39:27'),(23,'wmao','c10b045d92b2b6657b4cc579f1d192482a4e7923','2016-09-27 22:55:38','2012-05-07 01:23:02'),(24,'tcyu','e64d896c1ef2a2408538de3e21d3f8be5f8e9fde','2012-06-08 09:43:16','2021-03-08 13:16:45'),(25,'blsm','45372bab67bd58e10e5929d6e0eb79400ff4b058','2013-12-27 01:27:04','2018-02-03 21:17:59'),(26,'axuj','b4b4b3ba640e3a17e0df68480403f4241bef6036','2014-05-14 06:35:07','2019-08-29 11:14:18'),(27,'rvki','2bab05d18161f0bae3f0cf9fe976d083556d1627','2021-04-17 15:19:01','2016-12-29 06:33:16'),(28,'fthb','3010aa4b0636c2c8826746f8641727047e7eb1b2','2015-11-20 14:55:02','2017-10-08 12:50:02'),(29,'wmbp','e06cd7884373d25e5381e4880747daf784d87b7e','2012-04-23 08:06:15','2016-01-19 19:37:29'),(30,'vker','c31f29556ff061aee6a30f9c4527fadb34591578','2018-01-29 20:43:42','2018-03-09 15:03:43'),(31,'mnxe','6c6e6c2a434438bdbef8f38bdcd1a2fccc381098','2018-07-21 21:49:18','2015-12-07 04:58:17'),(32,'fclw','1acf7be5a799ea16028c6323786697e7aa87c60a','2015-10-08 12:21:19','2020-06-30 15:36:47'),(33,'ddsi','d3f4176ce41f66e4f627d126b11dce0526510a57','2017-10-09 20:34:11','2014-07-24 16:38:50'),(34,'ngef','337c64c9d4a4604b83b088e78663131f6856256f','2016-03-16 06:55:37','2019-04-21 07:14:19'),(35,'sijb','527cf87a334f2af5378010dad361a09ff6a0f1ca','2017-01-22 00:58:35','2012-02-09 13:26:23'),(36,'iwyr','2e7f64347b747734add5bfeae9fe50e12b9c2458','2018-06-22 19:13:13','2016-08-09 22:47:52'),(37,'smgc','790630a93ab97f1e70e603757c1aaa105198ba48','2017-05-16 05:39:23','2021-01-29 12:16:15'),(38,'mneb','a3d84ae35a6b74af420b6d576a9aa59677236910','2020-03-29 03:18:02','2019-09-28 19:26:49'),(39,'vmpa','8f460c374fd090e217060aaa312bc99a1f98e2bd','2017-04-13 00:08:35','2018-05-11 20:16:19'),(40,'pgrf','d952f91a7a0b042cf8182fe38a2a6f5be8ee66eb','2020-07-19 17:13:45','2014-01-02 15:03:24'),(41,'yzdr','56a8bdc961c5840d93c7fbcf384197f7ca6c1ec0','2013-05-13 20:50:39','2017-07-31 04:52:02'),(42,'aenm','fc647e04769318c1cb8c8dfb97ee61a7ce59cb82','2019-01-01 01:31:18','2021-04-15 22:37:44'),(43,'xsrd','4d33e6bb9b8eebd875e271f1ede1930e32a49748','2020-10-13 23:08:47','2012-09-24 11:20:58'),(44,'exwz','6f541359306cf93dbe96a79d78b49afbd0cc1c1e','2016-11-22 19:00:43','2013-01-09 23:29:19'),(45,'rpya','e088bdcba572e8d2aaea97a7d8b3c41bd53dfb79','2017-04-12 21:32:01','2019-10-27 22:15:32'),(46,'qgcr','926da4b96c2851dc19bcb67e7cb101d23ec7f7f5','2013-08-23 15:40:02','2019-12-10 10:46:49'),(47,'rsqy','ff75ba6442843564080d9a58807029afb45745fe','2016-09-25 01:23:30','2017-12-24 16:59:15'),(48,'juwl','ede2402ebe91e5ff71e497f730ea2e85ff0d6c38','2019-12-21 03:23:48','2011-09-22 04:43:44'),(49,'ncne','1f57533bc0389b9000af4b5c01d2b2b855ec537e','2018-10-20 20:15:17','2019-11-07 03:51:17'),(50,'qgup','1c8d2b27bbb21e4f3edb3fe497df9550eed9a9bb','2012-08-12 00:59:11','2020-05-02 03:01:15'),(51,'tcss','2c1506d87b18150788ec560c714d099130be4a75','2011-10-16 15:16:57','2016-03-25 17:22:15'),(52,'lepo','114196e1e756cf294e8c7b89f2963edbeb3ce763','2012-02-09 15:27:54','2020-05-17 22:30:04'),(53,'zpbh','6a6adf25bb17eda6ffd730c4e3c774560cb13d78','2017-09-02 01:44:14','2015-04-17 04:21:48'),(54,'dwqe','ac2fa6e7758e22b50d5a6e906110a64090c5886b','2012-03-11 18:37:00','2014-03-11 02:04:24'),(55,'gugz','5c365b890ff632c5936fae8e656027e10ac7300f','2021-03-06 02:47:00','2014-09-02 03:39:21'),(56,'lgzo','79ca6bc467c4343125ae42e551fa6f648456da76','2016-06-06 07:23:39','2013-04-28 14:10:02'),(57,'kwpk','1a79663e00282aa56008955be95fe47479c032e1','2012-11-13 07:21:30','2019-07-18 23:47:17'),(58,'happ','ef5bb1530d980eb4f17af225b2d0632653d2bc89','2019-02-10 12:42:13','2014-02-06 16:51:47'),(59,'rqgy','4190029960323b272f978c7491ae13b6a486be92','2021-05-10 09:17:56','2021-01-14 23:46:12'),(60,'wuev','b2f80d9de35ff18c6c42bc98f005f343ee001c8f','2018-08-30 01:51:46','2012-11-27 19:37:58'),(61,'zjln','e572f79d05e68127b4916782e1050b08727d2be0','2012-10-05 14:52:36','2021-01-05 22:40:08'),(62,'evww','b1fc14f41be7ed0897bc728a6774a2615c03003a','2013-03-31 08:27:04','2018-03-06 03:40:56'),(63,'ahnh','4659f7adce3840800e76a38225d41b61b908ee4a','2012-05-02 01:16:55','2018-07-29 17:35:00'),(64,'glrq','241ce052e370c16d7f6296039a9ed92214446793','2020-05-04 06:00:37','2014-12-09 07:17:06'),(65,'rrkb','39174d49c427073c5036b4c1dec987eadfdd2ba9','2014-09-18 22:22:31','2020-06-28 04:17:28'),(66,'hgbb','cd41654ad6813544c712705f8a3d32b293e5ee4e','2013-04-22 21:18:53','2015-11-07 05:19:59'),(67,'pizv','26f0a8de5231d74fdb6ddf80849e37a544ac8a07','2016-03-05 19:29:33','2019-01-05 01:49:11'),(68,'ntrf','36c1c055f229e5c28826f4a23bb63f6a20c21799','2012-06-14 03:24:55','2016-06-20 13:21:09'),(69,'hbhr','c327f8c7b913c3cffb16173edc0b628521d98e01','2016-07-03 04:20:22','2014-02-09 16:32:00'),(70,'vzpx','09a0aba41b53c38e9130642dddfd34d2220e845e','2018-07-30 14:24:12','2020-04-02 04:15:06'),(71,'ydiw','4a80d23c53edccf221dc0180541c7e6c82eb6206','2016-05-23 04:54:51','2016-09-02 17:07:35'),(72,'uusm','8fc5fc2418af46d39d987e92b63236b327fc2b1a','2016-03-03 13:28:07','2013-01-30 11:55:41'),(73,'fqsp','cee85d4f32ed8c843734c17b478e2d086171db7e','2019-09-29 13:06:22','2019-05-12 19:16:41'),(74,'rbfk','d37b022a1428803d5024a39141a56dc1ac918a58','2013-03-02 02:52:42','2016-12-25 08:03:28'),(75,'todf','48c309d73258842baa129239519ed54e8efb6ddd','2011-11-24 13:29:27','2017-02-03 08:48:46'),(76,'gkod','f0537d418dd00dbdc9bd96c249606d886c535652','2016-03-16 16:38:29','2013-10-06 01:55:39'),(77,'gxxu','9c821c84012628184eb867f8bdf57ef606b88bdf','2017-05-27 02:07:20','2019-08-25 00:36:07'),(78,'vipb','42b6d5b725d2851cfb3a9ad260b099aedf1c42a3','2013-03-13 07:21:15','2018-01-03 21:17:18'),(79,'lmdf','f55a582fce10e59ec01d169c29e2201071964135','2019-01-28 19:28:32','2021-03-08 02:20:42'),(80,'rnge','e2b08017db9a8685269c19b02c613e864b3f04d5','2018-02-02 06:34:01','2017-09-23 05:09:27'),(81,'rtxo','3769cf4d51fb1de9dec568e32f298b39ac1277b1','2021-04-16 21:20:13','2011-12-28 15:40:39'),(82,'rsau','22c334ded5ea181579f2af3d4e2516a303afd2d7','2012-06-14 03:34:26','2013-05-15 17:22:10'),(83,'gbec','894ba71426a676e9b2b6344c47f13f1a2d714b86','2014-10-06 14:12:26','2018-12-15 04:15:24'),(84,'ildg','0cd88987a1ff09296eec3c5d24a6815708893ceb','2016-04-06 16:43:08','2018-09-26 00:47:20'),(85,'wwie','75e02f8f57be27ba52e98673530f454745b6ecd8','2017-10-23 03:37:13','2014-11-25 05:46:19'),(86,'pute','aa134b05a77d98d66a29c65750b6e5daa978a3a4','2018-07-20 20:45:16','2016-02-09 02:19:02'),(87,'xlqb','1a626b7da151997e6798297bda64cda369f04b9b','2013-09-15 21:22:23','2013-09-16 02:03:37'),(88,'efhj','1d324bd0fa469d70cbdb6369613935a86b39cf33','2018-05-25 13:24:27','2014-06-07 08:03:00'),(89,'mglo','f6556845a5236ad1666386f2860b683327d04a63','2018-10-14 00:07:54','2012-05-30 17:42:14'),(90,'iquq','a6a28a1c21789d22f384c9726e35c5c12df4b9d9','2014-12-24 00:07:08','2017-07-03 11:45:08'),(91,'auqr','99014989d17d455ef0a51a6d811a9b592e39fc79','2016-12-19 15:25:19','2017-06-28 19:40:17'),(92,'trur','e4e539a061ae5d853cf38f0d5a0b24581dfb9ec2','2015-08-20 19:42:10','2016-12-04 00:34:45'),(93,'teng','49b0e694380c61af57d6ad50fc63258da5cad1d3','2018-06-29 04:20:10','2019-10-02 02:26:44'),(94,'waps','1530443372eb08d67806e50ebbbfe5eb5db3e8af','2016-06-06 02:56:51','2014-06-08 04:24:26'),(95,'eolb','c07a5905c502eec947522e6ac4eedc21ce98495f','2015-10-24 23:20:58','2015-07-22 00:02:37'),(96,'qjsq','58e8ec242ea886bf88d04da9d75695ef37d49cf1','2013-11-26 06:01:59','2018-10-08 09:13:03'),(97,'xffl','6318a55357390cc7fdef342dab463e3bc7a60ec0','2021-05-26 07:37:05','2015-05-14 06:29:14'),(98,'gpbx','e1799c33e3a1bf3e2e0b93dbbc599c82d66bfcba','2013-08-10 00:40:34','2013-03-15 12:32:34'),(99,'wufx','7ff92b926b36abcd651351c8b988220197a1eb49','2011-08-12 21:25:42','2020-04-10 16:23:44'),(100,'gmrt','f8805b3cd2fa4dcd6eb8c7880e4eb646ed6c45d5','2019-02-05 12:42:46','2019-08-24 13:51:03');
/*!40000 ALTER TABLE `users` ENABLE KEYS */;
UNLOCK TABLES;

--
-- Dumping routines for database 'habr2'
--
/*!40103 SET TIME_ZONE=@OLD_TIME_ZONE */;

/*!40101 SET SQL_MODE=@OLD_SQL_MODE */;
/*!40014 SET FOREIGN_KEY_CHECKS=@OLD_FOREIGN_KEY_CHECKS */;
/*!40014 SET UNIQUE_CHECKS=@OLD_UNIQUE_CHECKS */;
/*!40101 SET CHARACTER_SET_CLIENT=@OLD_CHARACTER_SET_CLIENT */;
/*!40101 SET CHARACTER_SET_RESULTS=@OLD_CHARACTER_SET_RESULTS */;
/*!40101 SET COLLATION_CONNECTION=@OLD_COLLATION_CONNECTION */;
/*!40111 SET SQL_NOTES=@OLD_SQL_NOTES */;

-- Dump completed on 2021-05-30 22:11:34
